step,layer,shape_factor,phi_gain_mean,phi_gain_std,phi_gain_cv,phi_gain_p10,phi_gain_p50,phi_gain_p90,update_gain_mean,update_gain_std,update_gain_cv,update_gain_p10,update_gain_p50,update_gain_p90,noise_weighted_update_gain_mean,noise_weighted_update_gain_std,noise_weighted_update_gain_cv,noise_weighted_update_gain_p10,noise_weighted_update_gain_p50,noise_weighted_update_gain_p90
1,blocks.0.attn.qkv.weight,1.7320508075688772,11.827025413513184,0.0144963123379436,0.0012256938520974659,11.812458705902099,11.82507038116455,11.843156147003175,20.485008918613143,0.025108349491705952,0.0012256938520974691,20.459778640931745,20.48162270325487,20.51294816858116,0.824820489868643,0.0010109774035160094,0.001225693852097458,0.8238046030765321,0.8246841452948277,0.8259454523198061
1,blocks.5.attn.proj.weight,1.0,35.43615436553955,1.2356634684925334,0.03487013448880824,34.069888305664065,35.770469665527344,36.5349681854248,35.43615436553955,1.2356634684925334,0.03487013448880824,34.069888305664065,35.770469665527344,36.5349681854248,1.426822234687315,0.049753483215168606,0.034870134488808255,1.3718100916477556,1.4402833032473565,1.4710655228788416
1,blocks.11.mlp.2.weight,1.0,9.742732048034668,0.008612140641036024,0.0008839554037384503,9.733920478820801,9.741957664489746,9.752163124084472,9.742732048034668,0.008612140641036024,0.0008839554037384503,9.733920478820801,9.741957664489746,9.752163124084472,0.3922871135885709,0.0003467643138735625,0.0008839554037384146,0.3919323193649331,0.39225593335245745,0.39266685200109946
25,blocks.0.attn.qkv.weight,1.7320508075688772,6.892144322395325,0.002683921423632984,0.000389417472717722,6.889240884780884,6.892668724060059,6.894628238677979,11.937544139486075,0.004648688269254589,0.0003894174727176942,11.932515238021256,11.938452429812966,11.941846408689377,0.48066032307229567,0.0001871775282464709,0.00038941747271766745,0.48045783641553164,0.4806968950101136,0.4808335521788054
25,blocks.5.attn.proj.weight,1.0,20.517026901245117,0.23047024763681334,0.011233121092356066,20.264226531982423,20.574408531188965,20.723921966552734,20.517026901245117,0.23047024763681334,0.011233121092356066,20.264226531982423,20.574408531188965,20.723921966552734,0.8261096808191587,0.009279790080209214,0.011233121092356047,0.8159307775420033,0.828420128635305,0.8344402258433972
25,blocks.11.mlp.2.weight,1.0,5.610946774482727,0.0010256484832825267,0.000182794192229186,5.61027774810791,5.610402345657349,5.612051343917846,5.610946774482727,0.0010256484832825267,0.000182794192229186,5.61027774810791,5.610402345657349,5.612051343917846,0.22592247265026077,4.1297315894522266e-05,0.00018279419222917484,0.22589553457742886,0.22590055144670007,0.22596694768594117
50,blocks.0.attn.qkv.weight,1.7320508075688772,6.653473377227783,0.007663347029010491,0.0011517814222025908,6.64533314704895,6.653243780136108,6.661797285079956,11.524153936165405,0.013273306410277576,0.001151781422202539,11.510054643910363,11.523756262337356,11.538571367482891,0.4640153359324543,0.0005344442435440674,0.0011517814222025311,0.46344763370733894,0.46399932375872455,0.4645958478965536
50,blocks.5.attn.proj.weight,1.0,20.50277042388916,1.0111076947333808,0.04931566192416958,19.401738166809082,20.55648136138916,21.56083393096924,20.50277042388916,1.0111076947333808,0.04931566192416958,19.401738166809082,20.55648136138916,21.56083393096924,0.8255356496003656,0.040711837002041354,0.049315661924169585,0.7812030369442491,0.8276982984894172,0.8681381431452406
50,blocks.11.mlp.2.weight,1.0,5.429836392402649,0.002818581767440731,0.0005190914723295256,5.426681852340698,5.430577993392944,5.432397651672363,5.429836392402649,0.002818581767440731,0.0005190914723295256,5.426681852340698,5.430577993392944,5.432397651672363,0.21863013733026712,0.00011348903988237312,0.0005190914723295182,0.21850312106732353,0.218659997590252,0.2187332653852228
75,blocks.0.attn.qkv.weight,1.7320508075688772,6.699735045433044,0.02057874072143384,0.0030715753058714744,6.679081678390503,6.697342395782471,6.722302532196045,11.604281495939812,0.03564342448530963,0.003071575305871441,11.568508814874763,11.600137305180308,11.643369529612468,0.4672416392925204,0.0014351678811258051,0.003071575305871459,0.4658012669481775,0.4670747751497737,0.46881550295106084
75,blocks.5.attn.proj.weight,1.0,19.935214042663574,0.5162030502158348,0.02589403099014151,19.366054344177247,20.075095176696777,20.39246883392334,19.935214042663574,0.5162030502158348,0.02589403099014151,19.366054344177247,20.075095176696777,20.39246883392334,0.8026832244805888,0.020784704289967093,0.025894030990141526,0.7797662424483075,0.8083154810226798,0.8210944012791976
75,blocks.11.mlp.2.weight,1.0,5.422975420951843,0.004611313720175639,0.0008503290836170265,5.418739366531372,5.421680927276611,5.4282470703125,5.422975420951843,0.004611313720175639,0.0008503290836170265,5.418739366531372,5.421680927276611,5.4282470703125,0.21835388312625326,0.00018567265734296135,0.0008503290836170041,0.2181833201308411,0.21830176086887085,0.21856614392757132
100,blocks.0.attn.qkv.weight,1.7320508075688772,6.6657209396362305,0.009122842684862964,0.0013686205539472863,6.655454301834107,6.668745756149292,6.6735677242279055,11.545367336525707,0.015801227039640976,0.0013686205539473085,11.527584998229521,11.550606472409903,11.558958366114537,0.46486948480524615,0.0006362299318073488,0.0013686205539472933,0.46415348624050334,0.4650804364647577,0.46541672204237966
100,blocks.5.attn.proj.weight,1.0,18.519105911254883,0.615356415875242,0.033228192485322015,17.968612098693846,18.33498477935791,19.216896629333498,18.519105911254883,0.615356415875242,0.033228192485322015,17.968612098693846,18.33498477935791,19.216896629333498,0.7456642108547671,0.02477707392769794,0.03322819248532201,0.7234988030704589,0.7382506489271254,0.7737604681811885
100,blocks.11.mlp.2.weight,1.0,5.437885403633118,0.009254158505055307,0.0017017935866895043,5.427672815322876,5.442005634307861,5.4448018074035645,5.437885403633118,0.009254158505055307,0.0017017935866895043,5.427672815322876,5.442005634307861,5.4448018074035645,0.21895422746918042,0.0003726149000856018,0.0017017935866894846,0.2185430217857293,0.21912012686893248,0.21923271363282984
125,blocks.0.attn.qkv.weight,1.7320508075688772,6.6785664558410645,0.007556467189518706,0.0011314504751105427,6.6712480068206785,6.677142381668091,6.687024164199829,11.56761642324193,0.013088185097973978,0.0011314504751105757,11.554940497706019,11.565149854420593,11.58226560383491,0.46576533516476093,0.0005269904097621926,0.0011314504751105483,0.46525494421733166,0.46566601978190747,0.46635517841847307
125,blocks.5.attn.proj.weight,1.0,19.083502769470215,0.5583729803334484,0.02925945970604167,18.48831672668457,19.217557907104492,19.571444702148437,19.083502769470215,0.5583729803334484,0.02925945970604167,18.48831672668457,19.217557907104492,19.571444702148437,0.7683894190752285,0.022482659245980446,0.02925945970604171,0.7444244969546737,0.7737870942596627,0.7880362010482359
125,blocks.11.mlp.2.weight,1.0,5.4161776304244995,0.00861637562846259,0.0015908591291506943,5.4067583084106445,5.420179605484009,5.422395372390747,5.4161776304244995,0.00861637562846259,0.0015908591291506943,5.4067583084106445,5.420179605484009,5.422395372390747,0.21808017287623266,0.00034693483390691864,0.0015908591291507047,0.21770090773514505,0.21824131076209546,0.21833052770862998
150,blocks.0.attn.qkv.weight,1.7320508075688772,6.637937307357788,0.009348757899531034,0.0014083829760140173,6.627574014663696,6.638923168182373,6.647511911392212,11.497244673800635,0.016192523669648552,0.0014083829760140089,11.479294924320762,11.498952234838008,11.513828374450611,0.462931845510073,0.0006519853302711443,0.0014083829760140312,0.46220910620261985,0.4630005997555274,0.46359958142116253
150,blocks.5.attn.proj.weight,1.0,17.82533073425293,0.10762215667981467,0.006037596624954021,17.750720596313478,17.774812698364258,17.94035530090332,17.82533073425293,0.10762215667981467,0.006037596624954021,17.750720596313478,17.774812698364258,17.94035530090332,0.71772963764433,0.004333362037870887,0.006037596624954032,0.7147254910135482,0.7156955496302879,0.7223610546863455
150,blocks.11.mlp.2.weight,1.0,5.4137269258499146,0.01076134137821506,0.001987787992562187,5.401995038986206,5.415704727172852,5.423876571655273,5.4137269258499146,0.01076134137821506,0.001987787992562187,5.401995038986206,5.415704727172852,5.423876571655273,0.21798149626077384,0.00043330100086790447,0.001987787992562182,0.21750911664363756,0.21806113162058885,0.21839016759005808
175,blocks.0.attn.qkv.weight,1.7320508075688772,6.699173450469971,0.019258493130142603,0.0028747566058006085,6.67863826751709,6.699068546295166,6.7197925567626955,11.603308784930494,0.03335668857862285,0.002874756605800581,11.567740804713383,11.603127085569806,11.639022124636156,0.4672024734823226,0.001343093396889691,0.0028747566058006098,0.4657703433337406,0.46719515743202034,0.4686404564711464
175,blocks.5.attn.proj.weight,1.0,19.09115171432495,0.6077232839370715,0.03183271983958251,18.413057327270508,19.365999221801758,19.54936809539795,19.09115171432495,0.6077232839370715,0.03183271983958251,18.413057327270508,19.365999221801758,19.54936809539795,0.7686974007054601,0.024469728998072204,0.03183271983958251,0.7413942080766677,0.7797640229684462,0.7871472955238633
175,blocks.11.mlp.2.weight,1.0,5.445719957351685,0.0012220439820329481,0.00022440448491722333,5.444593381881714,5.4455039501190186,5.447019338607788,5.445719957351685,0.0012220439820329481,0.00022440448491722333,5.444593381881714,5.4455039501190186,5.447019338607788,0.21926968256425622,4.920510017379083e-05,0.00022440448491720441,0.21922432146460005,0.21926098512154724,0.21932200161807963
200,blocks.0.attn.qkv.weight,1.7320508075688772,6.646689414978027,0.009342080630247862,0.0014055238701534461,6.636252784729004,6.64879298210144,6.65544319152832,11.5124037688722,0.016180958299994275,0.0014055238701534375,11.494326995021082,11.516047254007084,11.527565754615413,0.4635422202613152,0.0006515196554011932,0.001405523870153421,0.4628143663696053,0.46368892369726306,0.46415271140426684
200,blocks.5.attn.proj.weight,1.0,19.12567377090454,0.30898722721783783,0.016155625726916516,18.816496276855467,19.11178207397461,19.44596462249756,19.12567377090454,0.30898722721783783,0.016155625726916516,18.816496276855467,19.11178207397461,19.44596462249756,0.7700874171673704,0.012441244088763872,0.01615562572691653,0.7576385120626133,0.7695280736829532,0.7829837970596609
200,blocks.11.mlp.2.weight,1.0,5.42883837223053,0.0040320208792827454,0.0007427041666790537,5.424763011932373,5.428613185882568,5.433093881607055,5.42883837223053,0.0040320208792827454,0.0007427041666790537,5.424763011932373,5.428613185882568,5.433093881607055,0.2185899524570002,0.0001623476684839895,0.0007427041666790501,0.21842585974457465,0.2185808854209752,0.21876129879824574
225,blocks.0.attn.qkv.weight,1.7320508075688772,6.670023083686829,0.012304653228089966,0.0018447692119962825,6.6567402362823485,6.672649383544922,6.681204891204834,11.552818868602824,0.02131228456056858,0.001844769211996314,11.52981230202908,11.557367753392953,11.572186327344465,0.46516951769088155,0.0008581304045953035,0.0018447692119962936,0.4642431677152997,0.465352676672938,0.46594934048081826
225,blocks.5.attn.proj.weight,1.0,19.6549072265625,0.566802200827396,0.02883769403202243,19.024515914916993,19.72218132019043,20.231479263305665,19.6549072265625,0.566802200827396,0.02883769403202243,19.024515914916993,19.72218132019043,20.231479263305665,0.7913967853929335,0.022822058355087518,0.02883769403202241,0.7660143375479663,0.7941055492056375,0.8146122221877373
225,blocks.11.mlp.2.weight,1.0,5.430917024612427,0.0067947606893951394,0.0012511258519697312,5.424071645736694,5.430740833282471,5.437903356552124,5.430917024612427,0.0067947606893951394,0.0012511258519697312,5.424071645736694,5.430740833282471,5.437903356552124,0.21867364854337804,0.0002735882548371646,0.0012511258519697368,0.21839802216801005,0.21866655427167608,0.21895495033610754
250,blocks.0.attn.qkv.weight,1.7320508075688772,6.690282464027405,0.009132523087829091,0.001365042976426366,6.682643413543701,6.687216758728027,6.7003740787506105,11.587909144682564,0.01581799398941574,0.0013650429764263613,11.574677921123206,11.582599187343009,11.605388334113565,0.46658241327812333,0.0006369050461693774,0.0013650429764263897,0.46604966348332705,0.4663686100217326,0.46728620567803225
250,blocks.5.attn.proj.weight,1.0,19.81671905517578,0.2902863994566086,0.014648560069321408,19.5833797454834,19.702083587646484,20.1417667388916,19.81671905517578,0.2902863994566086,0.014648560069321408,19.5833797454834,19.702083587646484,20.1417667388916,0.7979120723656463,0.011688262922084903,0.014648560069321411,0.7885167606774387,0.7932963222402987,0.810999984154132
250,blocks.11.mlp.2.weight,1.0,5.436872482299805,0.006557491940019165,0.0012061147215366244,5.4293516159057615,5.438873767852783,5.442792320251465,5.436872482299805,0.006557491940019165,0.0012061147215366244,5.4293516159057615,5.438873767852783,5.442792320251465,0.21891344260676412,0.00026403472587028593,0.0012061147215366463,0.2186106180032691,0.21899402354947856,0.21915180245608765
