trial_id,task,method,module,lr,C,stage,seed,status,accuracy,validation_loss,actual_epsilon,seconds,train_seconds,peak_allocated_bytes,physical_gpu
26fd42925d3e2df631f8,cv,adam-aware-mf,0.1,0.001,10,search,20261101,completed,0.6594,1.2406985168457032,8.000000000000005,601.6924846824259,480.37752679921687,8398258688,1
6162f88f23711417a589,cv,adam-aware-mf,0.1,0.001,30,search,20261101,completed,0.665,1.2401108459472656,8.000000000000005,596.1944540459663,481.2971775755286,8398258688,2
045e1f7947d797508faa,cv,adam-aware-mf,0.1,0.003,10,search,20261101,completed,0.7632,0.8141877624511719,8.000000000000005,602.964866168797,489.6045462563634,8398258688,3
4da69fe07c653d57db55,cv,adam-aware-mf,0.1,0.003,30,search,20261101,completed,0.7648,0.8107230987548828,8.000000000000005,612.0912731662393,490.975302811712,8398258688,2
dcabc7f469f379087b2d,cv,adam-aware-mf,0.1,0.005,30,search,20261101,completed,0.7392,0.8993391021728515,8.000000000000005,607.5150270517915,493.6131125949323,8398258688,3
c6d38ce0437337bb024f,cv,adam-aware-mf,0.1,0.003,100,search,20261101,completed,0.7482,0.8928770202636719,8.000000000000005,599.4551606383175,481.8635840713978,8398258688,1
93bf88702a28d42a5d36,cv,adam-aware-mf,0.3,0.001,10,search,20261101,completed,0.674,1.190860693359375,8.000000000000005,594.7853240761906,479.5030125044286,8398258688,1
7dd428e57be9632fd764,cv,adam-aware-mf,0.3,0.001,30,search,20261101,completed,0.6784,1.1905108215332032,8.000000000000005,594.8423078916967,479.9866861514747,8398258688,2
1d9cd99f37611449dbb8,cv,adam-aware-mf,0.3,0.003,10,search,20261101,completed,0.764,0.8167582122802735,8.000000000000005,619.9709630645812,493.1028756648302,8398258688,3
d04adc46d32344925a4a,cv,adam-aware-mf,0.3,0.003,30,search,20261101,completed,0.7646,0.8128156585693359,8.000000000000005,595.1375726070255,479.04161271452904,8398258688,1
2bfa4621cb99d0c73c1d,cv,adam-aware-mf,0.3,0.005,30,search,20261101,completed,0.7274,0.9403634429931641,8.000000000000005,606.39163855277,486.680885059759,8398258688,2
4e815394045320155388,cv,adam-aware-mf,0.3,0.003,100,search,20261101,completed,0.7442,0.8910608856201172,8.000000000000007,609.8697442896664,490.6579545456916,8398258688,3
1a333f47a258374139f1,cv,adam-aware-mf,1.0,0.001,10,search,20261101,completed,0.6844,1.13252734375,8.000000000000005,595.9719823561609,479.17425301484764,8398258688,1
ac8ada43f37a3a267f04,cv,adam-aware-mf,1.0,0.001,30,search,20261101,completed,0.6876,1.1328007263183595,8.000000000000005,612.5834543667734,488.8261172082275,8398258688,2
8891441028a8f2c20da4,cv,adam-aware-mf,1.0,0.003,10,search,20261101,completed,0.7618,0.8334461608886718,8.000000000000005,604.4140543248504,490.53623780980706,8398258688,3
a98715f9d05076fa815d,cv,adam-aware-mf,1.0,0.003,30,search,20261101,completed,0.761,0.829065640258789,8.000000000000005,590.8361622449011,478.9626205097884,8398258688,1
239fef3baec54c6de289,cv,adam-aware-mf,1.0,0.005,30,search,20261101,completed,0.704,1.0297803833007813,8.000000000000005,608.4063763841987,489.24833908490837,8398258688,2
c5523d14ea932ee36af0,cv,adam-aware-mf,1.0,0.003,100,search,20261101,completed,0.7386,0.904316928100586,8.000000000000005,607.3326772302389,491.61099088937044,8398258688,3
b99a1896807e773d6fae,cv,adam-aware-mf,3.0,0.001,10,search,20261101,completed,0.6952,1.0826205627441405,8.000000000000005,588.1457725390792,478.4777351785451,8398258688,1
7a4aa102b54301761af1,cv,adam-aware-mf,3.0,0.001,30,search,20261101,completed,0.6988,1.0838124755859375,8.000000000000005,606.1364632118493,488.0253074988723,8398258688,2
ac07628aec9e4892bdd9,cv,adam-aware-mf,3.0,0.003,10,search,20261101,completed,0.7484,0.8830405364990235,8.000000000000005,602.4919756669551,490.47856614366174,8398258688,3
cca6844e134bcdaa5d44,cv,adam-aware-mf,3.0,0.003,30,search,20261101,completed,0.745,0.8781755859375,8.000000000000005,591.2550420425832,476.92181673273444,8398258688,1
264d57fbfb5d2901b146,cv,adam-aware-mf,3.0,0.005,30,search,20261101,completed,0.66,1.2023859954833984,8.000000000000005,604.2189874518663,485.47844451479614,8398258688,2
cffd2567d5d56bd29a55,cv,adam-aware-mf,3.0,0.003,100,search,20261101,completed,0.7244,0.952037875366211,8.000000000000005,605.6964477784932,489.08435132727027,8398258688,3
e31c1e804164b552e999,cv,blockadam-mf,2,0.001,10,search,20261101,completed,0.0196,4.5258462890625,8.000000000000005,584.4281250350177,475.76705400832,8420456448,1
5ba22583f5ae32fe394f,cv,blockadam-mf,2,0.001,30,search,20261101,completed,0.0186,4.536905029296875,8.000000000000005,606.6949440259486,483.48154315166175,8420456448,2
ab56589962d087a080ae,cv,blockadam-mf,2,0.003,10,search,20261101,completed,0.012,4.598213256835938,8.000000000000005,601.9180544912815,486.9620631057769,8420456448,3
bce5243ce7285c6e8ead,cv,blockadam-mf,2,0.003,30,search,20261101,completed,0.0168,4.580098461914062,8.000000000000005,587.8898956775665,476.60935509204865,8420456448,1
9cf73a3b97a57a25d43a,cv,blockadam-mf,2,0.005,30,search,20261101,completed,0.0152,4.612687426757812,8.000000000000005,602.251131888479,483.8593463227153,8420456448,2
79bda987f48d47a74fe0,cv,blockadam-mf,2,0.003,100,search,20261101,completed,0.0104,4.611176440429688,8.000000000000005,601.7212094496936,486.3924045916647,8420456448,3
a7899d2f5067cd0eab09,cv,blockadam-mf,5,0.001,10,search,20261101,completed,0.011,5.725961743164063,8.000000000000005,591.4663815181702,475.40260183624923,8420456448,1
22237800654fb38e2c7e,cv,blockadam-mf,5,0.001,30,search,20261101,completed,0.0102,5.9055080078125,8.000000000000005,602.3074244465679,484.06905302777886,8420456448,2
59fa05ceef490b6a1bb7,cv,blockadam-mf,5,0.003,10,search,20261101,completed,0.0186,11.774557373046875,8.000000000000005,597.9964784663171,486.69810058921576,8420456448,3
30b0ca9d8f650cf4fa21,cv,blockadam-mf,5,0.003,30,search,20261101,completed,0.0076,4.78823994140625,8.000000000000005,588.5878693368286,475.8278995640576,8420456448,1
571977d483a1cdd8bbf1,cv,blockadam-mf,5,0.005,30,search,20261101,completed,0.0162,6.129836840820312,8.000000000000005,603.8422365058213,484.1723110973835,8420456448,2
47cf86a3822c4c678538,cv,blockadam-mf,5,0.003,100,search,20261101,completed,0.013,4.600884155273437,8.000000000000005,606.6393832787871,486.2281490713358,8420456448,3
8c4e12c27cab61899bef,cv,blockadam-mf,10,0.001,10,search,20261101,completed,0.0138,15.70386318359375,8.000000000000005,589.2537600398064,476.4916594270617,8420456448,1
0d055aaeadc3720b9b10,cv,blockadam-mf,10,0.001,30,search,20261101,completed,0.0118,19.184989990234374,8.000000000000005,598.3257925435901,484.8324228413403,8420456448,2
e05d433fb776aa17bedf,cv,blockadam-mf,10,0.003,10,search,20261101,completed,0.0228,15.581014770507812,8.000000000000005,605.6709194350988,490.0764957051724,8420456448,3
073915b564dac9f0cc48,cv,blockadam-mf,10,0.003,30,search,20261101,completed,0.0108,78.34864482421875,8.000000000000005,588.2300377544016,477.1556356549263,8420456448,1
3d940fce707ccfc23ca4,cv,blockadam-mf,10,0.005,30,search,20261101,completed,0.0098,42.31997763671875,8.000000000000005,604.3766244221479,484.6786722801626,8420456448,2
6684a66cf5f86cbb94f8,cv,blockadam-mf,10,0.003,100,search,20261101,completed,0.01,4.621347900390625,8.000000000000005,602.9721489530057,488.31571607105434,8420456448,3
054c086bb0d3f1abd841,cv,blockadam-mf,25,0.001,10,search,20261101,completed,0.0174,22.121275830078126,8.000000000000005,590.4249949045479,477.2720162626356,8420456448,1
de089742a9fb6dc2e94b,cv,blockadam-mf,25,0.001,30,search,20261101,completed,0.0116,26.8963853515625,8.000000000000005,592.3039028644562,481.37525586411357,8420456448,2
146c64c2345b9a24e95e,cv,blockadam-mf,25,0.003,10,search,20261101,completed,0.0126,46.346233203125,8.000000000000005,606.1233427803963,487.0978398900479,8420456448,3
1db96622da4d8c040079,cv,blockadam-mf,25,0.003,30,search,20261101,completed,0.01,73.62711723632812,8.000000000000005,599.2839845940471,479.0075731687248,8420456448,1
32b5c6314b5264df21a4,cv,blockadam-mf,25,0.005,30,search,20261101,completed,0.0066,203.927255078125,8.000000000000005,594.974955290556,480.9257527291775,8420456448,2
01b5d399f8be485cd69a,cv,blockadam-mf,25,0.003,100,search,20261101,completed,0.0122,8.830914111328125,8.000000000000005,611.3789581395686,487.3945405911654,8420456448,3
e32d9c32afbf8d659c96,nlp,adam-aware-mf,0.1,0.001,10,search,20261101,completed,0.7921106748925033,0.6009478659067317,8.000000000000005,89.81765326857567,79.03844296373427,3695773696,1
5ea4048d457f97029089,nlp,adam-aware-mf,0.1,0.003,10,search,20261101,completed,0.8216489063376332,0.5219520722890395,8.000000000000005,90.36677496880293,78.5739629175514,3695773696,1
34cec00ad493efc13faa,nlp,adam-aware-mf,0.1,0.003,20,search,20261101,completed,0.8203402505141147,0.4647463047742888,8.000000000000005,92.73299920931458,81.61310525983572,3695773696,1
f2ea7f1c2ef6509bbd5a,nlp,adam-aware-mf,0.1,0.005,10,search,20261101,completed,0.8272574312955693,0.5215346995503641,8.000000000000005,92.73300533927977,81.84782437607646,3695773696,1
953303cf8c3b4dc5113e,nlp,adam-aware-mf,0.1,0.005,20,search,20261101,completed,0.8272574312955693,0.46754284550439845,8.000000000000005,91.14341741614044,79.8886489290744,3695773696,2
156dc32700bbef7adfe9,nlp,adam-aware-mf,0.1,0.005,1,search,20261101,completed,0.8326790054215741,0.8086773324489682,8.000000000000005,91.8423995487392,79.7241280991584,3695773696,2
08054e50c2617826c423,nlp,adam-aware-mf,0.3,0.001,10,search,20261101,completed,0.7939801832118153,0.5955246593555928,8.000000000000005,89.16671162471175,77.25639974884689,3695773696,1
d1918b274e1720d9d504,nlp,adam-aware-mf,0.3,0.003,10,search,20261101,completed,0.822396709665358,0.5244503538281834,8.000000000000005,89.01390682905912,77.61057879216969,3695773696,1
9d566c473bfdd7a9075b,nlp,adam-aware-mf,0.3,0.003,20,search,20261101,completed,0.8212750046737708,0.461706347277419,8.000000000000005,92.51303630881011,82.19528612308204,3695773696,3
2d650228c7b6151c9afd,nlp,adam-aware-mf,0.3,0.005,10,search,20261101,completed,0.8313703495980557,0.5136853776305251,8.000000000000005,92.57493166066706,81.9673212878406,3695773696,3
1f09e436e2e2f5c28a6c,nlp,adam-aware-mf,0.3,0.005,20,search,20261101,completed,0.8291269396148813,0.46678018489715695,8.000000000000005,92.65781749598682,80.42179175280035,3695773696,2
e2335b6f944711f1549e,nlp,adam-aware-mf,0.3,0.005,1,search,20261101,completed,0.8326790054215741,0.8176468417541538,8.000000000000005,92.08267879672348,80.43581523373723,3695773696,2
cd2eae00ba6c920e534f,nlp,adam-aware-mf,1.0,0.001,10,search,20261101,completed,0.7979061506823706,0.5874184155424057,8.000000000000005,91.13282448239625,78.63407579809427,3695773696,1
a850b3399e267f5075a0,nlp,adam-aware-mf,1.0,0.003,10,search,20261101,completed,0.8227706113292205,0.5210395395076036,8.000000000000005,90.10647065192461,78.70897236466408,3695773696,1
d4a502f58ef0ff56aaee,nlp,adam-aware-mf,1.0,0.003,20,search,20261101,completed,0.8237053654888764,0.4563295838988413,8.000000000000005,91.11533164232969,78.74282602965832,3695773696,3
e4adaf2b3b991c5d9ffa,nlp,adam-aware-mf,1.0,0.005,10,search,20261101,completed,0.8304355954383997,0.5179398758296856,8.000000000000005,90.53185675293207,79.09379759058356,3695773696,3
b72240bb9a0e7a401037,nlp,adam-aware-mf,1.0,0.005,20,search,20261101,completed,0.8304355954383997,0.4626671906430424,8.000000000000005,91.47935782559216,80.88063726574183,3695773696,2
f376549c317642154f73,nlp,adam-aware-mf,1.0,0.005,1,search,20261101,completed,0.8298747429426061,0.8385143226542234,8.000000000000005,91.49822471477091,80.7977681029588,3695773696,2
9bbb0bdbe42c9e6faa0c,nlp,adam-aware-mf,3.0,0.001,10,search,20261101,completed,0.8014582164890633,0.5787131102157766,8.000000000000007,91.84618365950882,81.11150655336678,3695773696,1
e9e681bda0151ffc3c5d,nlp,adam-aware-mf,3.0,0.003,10,search,20261101,completed,0.8244531688166012,0.5179770757247631,8.000000000000007,91.87863157689571,81.20472954586148,3695773696,1
ffffb639d80915bf09c7,nlp,adam-aware-mf,3.0,0.003,20,search,20261101,completed,0.8255748738081884,0.4515225950145882,8.000000000000007,91.42886765114963,79.87639561854303,3695773696,3
4ff796d4fea7dd138405,nlp,adam-aware-mf,3.0,0.005,10,search,20261101,completed,0.8324920545896429,0.5139364844104869,8.000000000000007,90.76816735044122,80.24148799665272,3695773696,3
d20f3622479012338337,nlp,adam-aware-mf,3.0,0.005,20,search,20261101,completed,0.8309964479341934,0.4621931733227507,8.000000000000007,89.91508425399661,78.90543141029775,3695773696,2
d17e1efe902c7257380c,nlp,adam-aware-mf,3.0,0.005,1,search,20261101,completed,0.8281921854552253,0.8444173908786342,8.000000000000005,89.57209260202944,78.92185791023076,3695773696,2
97232776bf9afa857c46,nlp,blockadam-mf,2,0.001,10,search,20261101,completed,0.7229388670779585,0.6205693735410441,8.000000000000005,89.82611841522157,78.65515546500683,3713318912,1
543b6d8d364d2212fb7f,nlp,blockadam-mf,2,0.003,10,search,20261101,completed,0.6315199102636007,0.6521919487257676,8.000000000000005,89.5069668572396,79.04210990294814,3713318912,1
7cfc8ba916f9ede45372,nlp,blockadam-mf,2,0.003,20,search,20261101,completed,0.5844083006169377,0.6712593931553631,8.000000000000005,92.69263050891459,81.11992699280381,3713318912,3
1571b782ac8691e2b9f3,nlp,blockadam-mf,2,0.005,10,search,20261101,completed,0.6320807627593943,0.6555142904535858,8.000000000000005,92.13770129531622,81.28199560008943,3713318912,3
6874538c65b6dcb43869,nlp,blockadam-mf,2,0.005,20,search,20261101,completed,0.5582351841465695,0.6845419001726374,8.000000000000005,91.25093686208129,78.52642867714167,3713318912,2
90665a355092546e8edc,nlp,blockadam-mf,2,0.005,1,search,20261101,completed,0.557861282482707,1.292052937391919,8.000000000000005,90.15796036086977,79.46453520096838,3713318912,2
9d308a7d819e5f3ccdfe,nlp,blockadam-mf,5,0.001,10,search,20261101,completed,0.6565713217423818,0.665656619126339,8.000000000000005,91.06832788325846,79.58978745155036,3713318912,1
30fe481f3361628bb6b6,nlp,blockadam-mf,5,0.003,10,search,20261101,completed,0.5817909889699009,0.6889900461404785,8.000000000000005,90.73716523312032,79.80837292782962,3713318912,1
2c9f6e44edb5894c6f48,nlp,blockadam-mf,5,0.003,20,search,20261101,completed,0.557861282482707,0.6871344722705727,8.000000000000005,91.89713982306421,79.80554670840502,3713318912,3
f4551b945e52955dda8d,nlp,blockadam-mf,5,0.005,10,search,20261101,completed,0.557861282482707,0.6880081998319085,8.000000000000005,92.02566363476217,80.06461897306144,3713318912,3
b5826b7e1b3171dc44b4,nlp,blockadam-mf,5,0.005,20,search,20261101,completed,0.5584221349785007,0.6868853259697253,8.000000000000005,91.35802485235035,79.08240027539432,3713318912,2
f59f14862dfdd9ae87e0,nlp,blockadam-mf,5,0.005,1,search,20261101,completed,0.557861282482707,1.2779922599457294,8.000000000000005,91.09497912973166,79.30257729068398,3713318912,2
02bb3e859de7f1acd5ed,nlp,blockadam-mf,10,0.001,10,search,20261101,completed,0.6264722378014582,0.6637778211740896,8.000000000000005,92.97821060568094,81.93331004679203,3713318912,1
f473ce0067ecb96ba020,nlp,blockadam-mf,10,0.003,10,search,20261101,completed,0.557861282482707,0.6838878974622155,8.000000000000005,93.04657582007349,81.82088856212795,3713318912,1
5391c513ebb10899eb4a,nlp,blockadam-mf,10,0.003,20,search,20261101,completed,0.5571134791549822,0.6864957918205269,8.000000000000005,92.4869031291455,81.45660240761936,3713318912,3
e4f1111ca3697e5c10f7,nlp,blockadam-mf,10,0.005,10,search,20261101,completed,0.557861282482707,0.6869038118115317,8.000000000000005,92.49304883554578,81.23099535517395,3713318912,3
0d80d4e9771f3f0ed6ab,nlp,blockadam-mf,10,0.005,20,search,20261101,completed,0.557861282482707,0.6861253254523699,8.000000000000005,91.67872540466487,80.15006792359054,3713318912,2
474764c8c6f5fb779616,nlp,blockadam-mf,10,0.005,1,search,20261101,completed,0.557861282482707,1.3283995198499245,8.000000000000005,91.50793567858636,79.64811863936484,3713318912,2
45b7703e4fc18c5290db,nlp,blockadam-mf,25,0.001,10,search,20261101,completed,0.5971209571882595,0.6709275458723301,8.000000000000005,91.03483226336539,78.4240410849452,3713318912,1
3ece445391dcabbdfff0,nlp,blockadam-mf,25,0.003,10,search,20261101,completed,0.557861282482707,0.6866258973160688,8.000000000000005,90.65353176742792,79.26942170411348,3713318912,1
5183b3ccb793310fe990,nlp,blockadam-mf,25,0.003,20,search,20261101,completed,0.557861282482707,0.6870508670004579,8.000000000000005,92.55169507302344,80.12752836570144,3713318912,3
3778921087b0610274df,nlp,blockadam-mf,25,0.005,10,search,20261101,completed,0.557861282482707,0.6882373811953936,8.000000000000005,92.66664612852037,80.45835388451815,3713318912,3
bc409e59fe473acb9a3b,nlp,blockadam-mf,25,0.005,20,search,20261101,completed,0.557861282482707,0.6866316667871624,8.000000000000005,92.517010550946,79.74079322069883,3713318912,2
af277b65a4b280b37818,nlp,blockadam-mf,25,0.005,1,search,20261101,completed,0.557861282482707,1.2463452632816334,8.000000000000005,92.21898684464395,80.23425566405058,3713318912,2
a315a413c4ec223fb118,cv,adam-aware-mf,0.1,0.0024,30,search,20261101,completed,0.7626,0.8343108825683594,8.000000000000005,591.7244956102222,477.69421431422234,8398258688,1
f62ba6a9586a98cb0954,cv,adam-aware-mf,0.1,0.0036,30,search,20261101,completed,0.765,0.8140192138671875,8.000000000000005,601.3649030849338,484.9946501683444,8398258688,2
5dca796ed522b85deebd,cv,adam-aware-mf,0.1,0.003,24.0,search,20261101,completed,0.766,0.8094756591796874,8.000000000000005,612.3026819825172,493.2962389215827,8398258688,3
7299bf8e2bedd7d7ee37,cv,adam-aware-mf,0.3,0.0024,30,search,20261101,completed,0.7628,0.8268927459716797,8.000000000000005,604.3616025820374,480.7363063953817,8398258688,1
22aff38065daabb491a6,cv,adam-aware-mf,0.3,0.0036,30,search,20261101,completed,0.7622,0.8250046356201172,8.000000000000005,609.0484934300184,486.99306533671916,8398258688,2
32c0241d406f8014cc21,cv,adam-aware-mf,0.3,0.003,24.0,search,20261101,completed,0.7656,0.8117263580322266,8.000000000000005,611.3272292017937,490.7485906984657,8398258688,3
c3b370996b4b0fd19f31,cv,blockadam-mf,10,0.0024,10,search,20261101,completed,0.0122,4.810838696289062,8.000000000000005,603.9257498905063,480.05378725007176,8420456448,1
3335bd2d76fd05f1f6ef,cv,blockadam-mf,10,0.0036,10,search,20261101,completed,0.0102,6.208087255859375,8.000000000000005,601.9628235809505,486.0689489673823,8420456448,2
d9a6b4a279e07bee66d2,cv,blockadam-mf,10,0.003,8.0,search,20261101,completed,0.0152,15.788823486328125,8.000000000000005,620.9652377273887,492.23411631956697,8420456448,3
5fedaefcea035fa5a097,cv,blockadam-mf,2,0.0008,10,search,20261101,completed,0.0214,4.535034252929687,8.000000000000005,598.8991913758218,480.16567950695753,8420456448,1
0d101d5e08c649c9cb5b,cv,blockadam-mf,2,0.0012,10,search,20261101,completed,0.0258,4.527688232421875,8.000000000000005,611.800260649994,487.48631157912314,8420456448,2
1f16672a4810a7315658,cv,blockadam-mf,2,0.001,8.0,search,20261101,completed,0.023,4.512899853515625,8.000000000000005,613.2893861420453,491.69004592113197,8420456448,3
edaedd92042c48a36630,nlp,adam-aware-mf,0.1,0.004,1,search,20261101,completed,0.8302486446064685,0.8192663280111224,8.000000000000005,90.7795170340687,78.99427191726863,3695773696,1
3a9ef2c52a0e7cfd39a4,nlp,adam-aware-mf,0.1,0.006,1,search,20261101,completed,0.8268835296317069,0.8628549117599833,8.000000000000005,91.18178148195148,78.64439320191741,3695773696,1
d0230f7ad5966aac097a,nlp,adam-aware-mf,0.1,0.005,0.8,search,20261101,completed,0.8326790054215741,0.8408043205816069,8.000000000000005,93.2849151212722,81.69993937946856,3695773696,2
f2c608d5157f430f5015,nlp,adam-aware-mf,0.3,0.004,1,search,20261101,completed,0.8295008412787437,0.8154970512454321,8.000000000000005,93.42806025221944,82.18040269427001,3695773696,2
76af61b88a98ce6d3b77,nlp,adam-aware-mf,0.3,0.006,1,search,20261101,completed,0.8308094971022622,0.8438176311807424,8.000000000000005,94.16425342671573,83.49808595888317,3695773696,3
9ce24c8383f5088ff8c9,nlp,adam-aware-mf,0.3,0.005,0.8,search,20261101,completed,0.8341746120770237,0.8367948533887394,8.000000000000005,94.29164333827794,83.43536221794784,3695773696,3
3c9f576d72519b0a16b8,nlp,blockadam-mf,2,0.0008,10,search,20261101,completed,0.732660310338381,0.6094592720754883,8.000000000000005,91.53568225540221,80.16976737603545,3713318912,1
16212333e1fcd49102b7,nlp,blockadam-mf,2,0.0012,10,search,20261101,completed,0.7180781454477473,0.6373193690566888,8.000000000000005,91.38413858413696,80.13052099011838,3713318912,1
00ef1cfef60fd351dd29,nlp,blockadam-mf,2,0.001,8.0,search,20261101,completed,0.7283604412039634,0.7229592463617616,8.000000000000005,92.13275550864637,80.75595510937274,3713318912,2
5b14e064f8c97929d413,nlp,blockadam-mf,5,0.0008,10,search,20261101,completed,0.6692839783137035,0.656375296652083,8.000000000000005,92.06133715622127,80.8627691231668,3713318912,2
86c00f2d8063021bda76,nlp,blockadam-mf,5,0.0012,10,search,20261101,completed,0.6599364367171434,0.6662744139483943,8.000000000000005,93.83671801537275,81.20695986784995,3713318912,3
6554afc735a03e745bbb,nlp,blockadam-mf,5,0.001,8.0,search,20261101,completed,0.5888951205832866,1.3189557200838504,8.000000000000005,93.79934950731695,81.8596971668303,3713318912,3
