step,group,gradient_norm,update_norm,update_rms,relative_update_norm
1,muon,92.78912353515625,0.3934600055217743,0.00017077257184104787,0.002877677203191004
1,adam,19.568546295166016,0.4850766956806183,0.0009999987265024342,0.002584584514090179
25,muon,92.81108093261719,0.393675833940506,0.0001708662473700113,0.0028765075028662013
25,adam,19.587162017822266,0.120231032371521,0.0002478595247477231,0.0006405545547560812
50,muon,92.73809814453125,0.3935026526451111,0.00017079108187721836,0.002868722764971458
50,adam,19.49323272705078,0.11250336468219757,0.00023192872882005097,0.0005993206884156014
75,muon,92.72013854980469,0.39364638924598694,0.00017085346755468182,0.002861826858944315
75,adam,19.51559066772461,0.11131112277507782,0.00022947088988567436,0.0005929086801635901
100,muon,92.75428771972656,0.39360862970352173,0.00017083707886437574,0.0028532905025558516
100,adam,19.49607276916504,0.11173520982265472,0.00023034515680321415,0.0005951121384908974
125,muon,92.75452423095703,0.39376190304756165,0.00017090360375328196,0.0028460893183363993
125,adam,19.589488983154297,0.1112966313958168,0.0002294410155154246,0.0005927155831003434
150,muon,92.8146743774414,0.39342451095581055,0.00017075716621345945,0.002835516605500844
150,adam,19.48290252685547,0.11139703541994095,0.0002296480011264711,0.0005931983737179086
175,muon,92.75474548339844,0.3936619162559509,0.00017086020670831203,0.0028291866103969947
175,adam,19.53622817993164,0.11117967963218689,0.00022919991629187186,0.0005919827819842611
200,muon,92.8414306640625,0.39339789748191833,0.00017074561522652706,0.0028192027361468365
200,adam,19.589143753051758,0.11132153123617172,0.00022949234720970462,0.0005926706178562144
225,muon,92.75009155273438,0.3933441936969757,0.00017072230629209016,0.0028108124018586893
225,adam,19.525466918945312,0.11120155453681946,0.00022924501199935425,0.0005919738707141892
250,muon,92.75019073486328,0.3936004936695099,0.00017083354759961367,0.0028046300968942815
250,adam,19.56970977783203,0.11121024191379547,0.0002292629212619307,0.0005919552520496937
