step,epoch,step_seconds,innovation_std_sum,noise_marginal_std_sum,pure_mf_cumulative_momentum_noise_variance,preconditioner_mean,preconditioner_change_relative,denominator_lag_relative,block_age
1,1,3.0703049413859844,17.492094896836207,17.492094896836207,0.00030597338387992337,461.1217041015625,0.0,0.0,0
2,1,2.3755592089146376,17.492094896836207,17.904749873932786,0.0006495948490184008,100.8131103515625,0.9991263151168823,0.0,0
3,1,2.153841646388173,17.492094896836207,18.441324302846137,0.0009077537491557039,78.60283660888672,0.7270123958587646,0.0,0
4,1,2.1660536751151085,17.492094896836207,19.203316807138048,0.0010486597650927114,70.48963165283203,0.4108753800392151,0.0,0
5,1,2.166836576536298,17.492094896836207,19.203316807138048,0.0011441728622526958,65.9662094116211,0.30686265230178833,0.0,0
6,1,2.1511935722082853,17.492094896836207,19.203316807138048,0.00121618553959147,63.19053268432617,0.21225112676620483,0.0,0
7,1,2.151369357481599,17.492094896836207,19.203316807138048,0.001274112987618236,61.23994064331055,0.16848677396774292,0.0,0
8,1,2.1469745375216007,17.492094896836207,19.203316807138048,0.001322784997483354,59.9453239440918,0.14232148230075836,0.0,0
9,1,2.1495873034000397,17.492094896836207,19.203316807138048,0.0013649752671254362,58.954307556152344,0.11382120847702026,0.0,0
10,1,2.159078376367688,17.492094896836207,19.203316807138048,0.0014024092006753174,58.200016021728516,0.1005292683839798,0.0,0
11,1,2.160978015512228,17.492094896836207,19.203316807138048,0.001436226420734936,57.63280487060547,0.08731426298618317,0.0,0
12,1,2.1544104423373938,17.492094896836207,19.203316807138048,0.0014672156955670816,57.0909538269043,0.08033282309770584,0.0,0
13,1,2.1547266338020563,17.492094896836207,19.203316807138048,0.001495943845942734,56.62636947631836,0.07304491102695465,0.0,0
14,1,2.156210908666253,17.492094896836207,19.203316807138048,0.0015228309334587046,56.262733459472656,0.06368833780288696,0.0,0
15,1,2.173533296212554,17.492094896836207,19.203316807138048,0.001548196351549144,55.9775505065918,0.05804536119103432,0.0,0
16,1,2.1747258361428976,17.492094896836207,19.203316807138048,0.0015722882721636835,55.77722930908203,0.051968809217214584,0.0,0
17,1,2.1766069885343313,17.492094896836207,19.203316807138048,0.0015953031282961657,55.570491790771484,0.04838276654481888,0.0,0
18,1,2.174281721934676,17.492094896836207,19.203316807138048,0.0016173988967203747,55.37324523925781,0.0477789007127285,0.0,0
19,1,2.188153786584735,17.492094896836207,19.203316807138048,0.0016387043929589466,55.20738983154297,0.04476630315184593,0.0,0
20,1,2.181834790855646,17.492094896836207,19.203316807138048,0.0016593259261469793,55.034629821777344,0.04212064668536186,0.0,0
21,1,2.1783129815012217,17.492094896836207,19.203316807138048,0.0016793521611195713,54.8945426940918,0.040175799280405045,0.0,0
22,1,2.1883615776896477,17.492094896836207,19.203316807138048,0.0016988577354499557,54.74405288696289,0.03810986503958702,0.0,0
23,1,2.1868547629565,17.492094896836207,19.203316807138048,0.0017179059943138908,54.611392974853516,0.035354502499103546,0.0,0
24,1,2.189822807908058,17.492094896836207,19.203316807138048,0.00173655108893155,54.508121490478516,0.033510249108076096,0.0,0
25,1,2.2101316154003143,17.492094896836207,19.203316807138048,0.001754839608338381,54.403255462646484,0.032696373760700226,0.0,0
26,1,2.217743504792452,17.492094896836207,19.203316807138048,0.0017728118638527576,54.285980224609375,0.0318201519548893,0.0,0
27,1,2.1930037569254637,17.492094896836207,19.203316807138048,0.0017905029115519195,54.20750045776367,0.029857825487852097,0.0,0
28,1,2.1856730300933123,17.492094896836207,19.203316807138048,0.0018079433746374936,54.1288948059082,0.028583616018295288,0.0,0
29,1,2.185141336172819,17.492094896836207,19.203316807138048,0.0018251601111901633,54.0511589050293,0.02765701897442341,0.0,0
30,1,2.18392962962389,17.492094896836207,19.203316807138048,0.001842176761188747,53.99992370605469,0.026462750509381294,0.0,0
31,1,2.181015694513917,17.492094896836207,19.203316807138048,0.0018590141983074132,53.92810821533203,0.026596546173095703,0.0,0
32,1,2.184205634519458,17.492094896836207,19.203316807138048,0.0018756909059141822,53.85792922973633,0.025509323924779892,0.0,0
33,1,2.1892226338386536,17.492094896836207,19.203316807138048,0.0018922232922055535,53.81504440307617,0.02298920415341854,0.0,0
34,1,2.191522054374218,17.492094896836207,19.203316807138048,0.0019086259560686498,53.758827209472656,0.023285027593374252,0.0,0
35,1,2.1844836696982384,17.492094896836207,19.203316807138048,0.0019249119127464343,53.73789596557617,0.021521268412470818,0.0,0
36,1,2.182969706133008,17.492094896836207,19.203316807138048,0.0019410927864707214,53.693058013916016,0.02168198861181736,0.0,0
37,1,2.184358300641179,17.492094896836207,19.203316807138048,0.0019571789757634192,53.646766662597656,0.021443333476781845,0.0,0
38,1,2.1862380485981703,17.492094896836207,19.203316807138048,0.0019731797959751892,53.59087371826172,0.021152181550860405,0.0,0
39,1,2.1911197546869516,17.492094896836207,19.203316807138048,0.001989103602749783,53.54697799682617,0.02024809457361698,0.0,0
40,1,2.1919669695198536,17.492094896836207,19.203316807138048,0.002004957899411357,53.525367736816406,0.019370384514331818,0.0,0
41,1,2.1916578374803066,17.492094896836207,19.203316807138048,0.0020207494307262334,53.49000930786133,0.018654581159353256,0.0,0
42,1,2.1905500199645758,17.492094896836207,19.203316807138048,0.0020364842650565716,53.4372673034668,0.01893041841685772,0.0,0
43,1,2.1943088471889496,17.492094896836207,19.203316807138048,0.0020521678665760567,53.39611053466797,0.018599843606352806,0.0,0
44,1,2.192968463525176,17.492094896836207,19.203316807138048,0.002067805158938083,53.358001708984375,0.018263135105371475,0.0,0
45,1,2.1879861913621426,17.492094896836207,19.203316807138048,0.002083400581560392,53.323081970214844,0.017563750967383385,0.0,0
46,2,2.1754775512963533,17.492094896836207,19.203316807138048,0.0020989581395057014,53.30503463745117,0.016714900732040405,0.0,0
47,2,2.184480629861355,17.492094896836207,19.203316807138048,0.00211448144778671,53.28921890258789,0.016351139172911644,0.0,0
48,2,2.163755673915148,17.492094896836207,19.203316807138048,0.0021299737707995594,53.26327896118164,0.016036706045269966,0.0,0
49,2,2.1657733619213104,17.492094896836207,19.203316807138048,0.002145438057486834,53.2419548034668,0.01555535290390253,0.0,0
50,2,2.1911739502102137,17.492094896836207,19.203316807138048,0.002160876972745595,53.21546936035156,0.01575983501970768,0.0,0
51,2,2.174954244866967,17.492094896836207,19.203316807138048,0.002176292925524364,53.19472122192383,0.01507781632244587,0.0,0
52,2,2.199589205905795,17.492094896836207,19.203316807138048,0.0021916880939928758,53.16054153442383,0.01518238428980112,0.0,0
53,2,2.174659254029393,17.492094896836207,19.203316807138048,0.0022070644481177195,53.1348991394043,0.014881240203976631,0.0,0
54,2,2.1761944852769375,17.492094896836207,19.203316807138048,0.0022224237699339923,53.11956787109375,0.014388108626008034,0.0,0
55,2,2.1803480982780457,17.492094896836207,19.203316807138048,0.002237767671766544,53.10087203979492,0.013904149644076824,0.0,0
56,2,2.178267689421773,17.492094896836207,19.203316807138048,0.0022530976126230754,53.080894470214844,0.01358796562999487,0.0,0
57,2,2.1784617640078068,17.492094896836207,19.203316807138048,0.00226841491295456,53.06765365600586,0.013418490998446941,0.0,0
58,2,2.178125673905015,17.492094896836207,19.203316807138048,0.002283720767955293,53.0431022644043,0.013561326079070568,0.0,0
59,2,2.168422281742096,17.492094896836207,19.203316807138048,0.0022990162595549067,53.03044128417969,0.013003584928810596,0.0,0
60,2,2.164581410586834,17.492094896836207,19.203316807138048,0.0023143023672372973,53.02545166015625,0.012600705027580261,0.0,0
61,2,2.164315663278103,17.492094896836207,19.203316807138048,0.002329579977806302,53.00017547607422,0.012724236585199833,0.0,0
62,2,2.1622715704143047,17.492094896836207,19.203316807138048,0.002344849894204758,52.98457336425781,0.012487188912928104,0.0,0
63,2,2.1649702582508326,17.492094896836207,19.203316807138048,0.0023601128434819763,52.98217010498047,0.01166682131588459,0.0,0
64,2,2.165180241689086,17.492094896836207,19.203316807138048,0.0023753694839945,52.95713424682617,0.012548992410302162,0.0,0
65,2,2.175192980095744,17.492094896836207,19.203316807138048,0.002390620411916023,52.9505500793457,0.011503240093588829,0.0,0
66,2,2.1671758498996496,17.492094896836207,19.203316807138048,0.002405866167124443,52.92905807495117,0.01171939354389906,0.0,0
67,2,2.1695517897605896,17.492094896836207,19.203316807138048,0.0024211072385269864,52.90940475463867,0.011696661822497845,0.0,0
68,2,2.1678193639963865,17.492094896836207,19.203316807138048,0.0024363440688780855,52.897525787353516,0.011223704554140568,0.0,0
69,2,2.1713239904493093,17.492094896836207,19.203316807138048,0.002451577059139204,52.88169479370117,0.011019011028110981,0.0,0
70,2,2.1814301162958145,17.492094896836207,19.203316807138048,0.002466806572424799,52.86756896972656,0.011167546734213829,0.0,0
71,2,2.181547872722149,17.492094896836207,19.203316807138048,0.0024820329375742495,52.8691520690918,0.010384444147348404,0.0,0
72,2,2.171866914257407,17.492094896836207,19.203316807138048,0.002497256452385604,52.85769271850586,0.01029153261333704,0.0,0
73,2,2.176520900800824,17.492094896836207,19.203316807138048,0.0025124773865434873,52.849056243896484,0.010234558023512363,0.0,0
74,2,2.175878133624792,17.492094896836207,19.203316807138048,0.0025276959842703583,52.84421157836914,0.010124471969902515,0.0,0
75,2,2.175145583227277,17.492094896836207,19.203316807138048,0.0025429124667274102,52.84020233154297,0.010271240957081318,0.0,0
76,2,2.175533475354314,17.492094896836207,19.203316807138048,0.0025581270341889415,52.82391357421875,0.010318208485841751,0.0,0
77,2,2.17780421115458,17.492094896836207,19.203316807138048,0.0025733398680116513,52.808685302734375,0.010108220390975475,0.0,0
78,2,2.1749688051640987,17.492094896836207,19.203316807138048,0.0025885511324182805,52.7916145324707,0.010022549889981747,0.0,0
79,2,2.175540219992399,17.492094896836207,19.203316807138048,0.0026037609761131847,52.7780876159668,0.009839247912168503,0.0,0
80,2,2.1765525825321674,17.492094896836207,19.203316807138048,0.0026189695337456792,52.774269104003906,0.009381257928907871,0.0,0
81,2,2.1738554313778877,17.492094896836207,19.203316807138048,0.0026341769272355538,52.76358413696289,0.009520582854747772,0.0,0
82,2,2.177374769002199,17.492094896836207,19.203316807138048,0.002649383266973749,52.758853912353516,0.009131459519267082,0.0,0
83,2,2.179056389257312,17.492094896836207,19.203316807138048,0.0026645886529099486,52.75605773925781,0.009321162477135658,0.0,0
84,2,2.189818689599633,17.492094896836207,19.203316807138048,0.0026797931755377646,52.74988555908203,0.009049582295119762,0.0,0
85,2,2.1957453675568104,17.492094896836207,19.203316807138048,0.0026949969167871283,52.7416877746582,0.009008089080452919,0.0,0
86,2,2.1963604036718607,17.492094896836207,19.203316807138048,0.002710199950832645,52.7331428527832,0.008942357264459133,0.0,0
87,2,2.1982687413692474,17.492094896836207,19.203316807138048,0.002725402344825816,52.72663116455078,0.008648873306810856,0.0,0
88,2,2.197123132646084,17.492094896836207,19.203316807138048,0.0027406041595582718,52.72576904296875,0.008426820859313011,0.0,0
89,2,2.190788436681032,17.492094896836207,19.203316807138048,0.0027558054500625363,52.7225227355957,0.008523058146238327,0.0,0
90,2,2.1898553110659122,17.492094896836207,19.203316807138048,0.002771006266156173,52.72414016723633,0.008116559125483036,0.0,0
91,3,2.1444142796099186,17.492094896836207,19.203316807138048,0.0027862066529346485,52.72587203979492,0.008294958621263504,0.0,0
92,3,2.1431896444410086,17.492094896836207,19.203316807138048,0.002801406651217739,52.71805191040039,0.008391732349991798,0.0,0
93,3,2.1546849329024553,17.492094896836207,19.203316807138048,0.0028166062979538414,52.71110534667969,0.008055787533521652,0.0,0
94,3,2.1624001637101173,17.492094896836207,19.203316807138048,0.0028318056265861633,52.70476531982422,0.008188210427761078,0.0,0
95,3,2.1778246015310287,17.492094896836207,19.203316807138048,0.002847004667384361,52.700782775878906,0.007983324117958546,0.0,0
96,3,2.1888792645186186,17.492094896836207,19.203316807138048,0.0028622034477448883,52.68893051147461,0.008018425665795803,0.0,0
97,3,2.183217491954565,17.492094896836207,19.203316807138048,0.0028774019924629963,52.684688568115234,0.007816161960363388,0.0,0
98,3,2.1698735021054745,17.492094896836207,19.203316807138048,0.002892600323979058,52.683528900146484,0.00761675089597702,0.0,0
99,3,2.1729433722794056,17.492094896836207,19.203316807138048,0.002907798462601632,52.67357635498047,0.007997246459126472,0.0,0
100,3,2.1818978022783995,17.492094896836207,19.203316807138048,0.0029229964267094488,52.66689682006836,0.007685614749789238,0.0,0
101,3,2.169057397171855,17.492094896836207,19.203316807138048,0.002938194232934317,52.65375518798828,0.007865851745009422,0.0,0
102,3,2.1575211752206087,17.492094896836207,19.203316807138048,0.0029533918963267417,52.641605377197266,0.007586904335767031,0.0,0
103,3,2.1724598575383425,17.492094896836207,19.203316807138048,0.0029685894305058825,52.63427734375,0.007481942418962717,0.0,0
104,3,2.1576434448361397,17.492094896836207,19.203316807138048,0.002983786847795335,52.628456115722656,0.007434525061398745,0.0,0
105,3,2.1547996923327446,17.492094896836207,19.203316807138048,0.0029989841593460556,52.62698745727539,0.0073390803299844265,0.0,0
106,3,2.160219296813011,17.492094896836207,19.203316807138048,0.0030141813752476714,52.61918640136719,0.007266690954566002,0.0,0
107,3,2.161907311528921,17.492094896836207,19.203316807138048,0.003029378504629237,52.61296844482422,0.007381162140518427,0.0,0
108,3,2.155569229274988,17.492094896836207,19.203316807138048,0.003044575555750462,52.603065490722656,0.007407122291624546,0.0,0
109,3,2.159383738413453,17.492094896836207,19.203316807138048,0.003059772536084292,52.59653091430664,0.007023915182799101,0.0,0
110,3,2.157277839258313,17.492094896836207,19.203316807138048,0.0030749694523916717,52.590919494628906,0.007143779657781124,0.0,0
111,3,2.1796697471290827,17.492094896836207,19.203316807138048,0.0030901663107892148,52.587100982666016,0.006845090072602034,0.0,0
112,3,2.170782024040818,17.492094896836207,19.203316807138048,0.003105363116810468,52.585052490234375,0.006993995513767004,0.0,0
113,3,2.1768639031797647,17.492094896836207,19.203316807138048,0.0031205598754613533,52.58610534667969,0.006462562829256058,0.0,0
114,3,2.174385441467166,17.492094896836207,19.203316807138048,0.0031357565912703686,52.58456802368164,0.006753327324986458,0.0,0
115,3,2.1791922505944967,17.492094896836207,19.203316807138048,0.0031509532683340067,52.586830139160156,0.006596164312213659,0.0,0
116,3,2.169546838849783,17.492094896836207,19.203316807138048,0.003166149910357877,52.57744598388672,0.006835925858467817,0.0,0
117,3,2.1760637797415257,17.492094896836207,19.203316807138048,0.0031813465206939153,52.579017639160156,0.006567514501512051,0.0,0
118,3,2.1810271982103586,17.492094896836207,19.203316807138048,0.0031965431023740654,52.580726623535156,0.006398259662091732,0.0,0
119,3,2.1773774567991495,17.492094896836207,19.203316807138048,0.0032117396581407593,52.57651138305664,0.006388586480170488,0.0,0
120,3,2.177033770829439,17.492094896836207,19.203316807138048,0.0032269361904744957,52.574798583984375,0.006421168800443411,0.0,0
121,3,2.175790788605809,17.492094896836207,19.203316807138048,0.0032421327016188112,52.57373809814453,0.006310866679996252,0.0,0
122,3,2.186489287763834,17.492094896836207,19.203316807138048,0.003257329193602858,52.56984329223633,0.006445934996008873,0.0,0
123,3,2.174384603276849,17.492094896836207,19.203316807138048,0.0032725256682618557,52.567195892333984,0.006289653945714235,0.0,0
124,3,2.181055925786495,17.492094896836207,19.203316807138048,0.003287722127255579,52.565696716308594,0.0061746155843138695,0.0,0
125,3,2.204594748094678,17.492094896836207,19.203316807138048,0.0033029185720850973,52.56279373168945,0.006051650736480951,0.0,0
126,3,2.1951765567064285,17.492094896836207,19.203316807138048,0.0033181150041079193,52.55995559692383,0.006309198215603828,0.0,0
127,3,2.195535959675908,17.492094896836207,19.203316807138048,0.0033333114245516922,52.5542106628418,0.006193180568516254,0.0,0
128,3,2.201149806380272,17.492094896836207,19.203316807138048,0.003348507834526601,52.55173110961914,0.006038087885826826,0.0,0
129,3,2.1837485171854496,17.492094896836207,19.203316807138048,0.003363704235036585,52.548099517822266,0.005871978588402271,0.0,0
130,3,2.1867785062640905,17.492094896836207,19.203316807138048,0.003378900626989484,52.53996658325195,0.005907850805670023,0.0,0
131,3,2.1799262929707766,17.492094896836207,19.203316807138048,0.0033940970112062165,52.53854751586914,0.005736054386943579,0.0,0
132,3,2.1785007268190384,17.492094896836207,19.203316807138048,0.0034092933884290882,52.536590576171875,0.005841368343681097,0.0,0
133,3,2.1749340165406466,17.492094896836207,19.203316807138048,0.0034244897593293084,52.53462219238281,0.005842737853527069,0.0,0
134,3,2.1859468333423138,17.492094896836207,19.203316807138048,0.0034396861245137786,52.52558517456055,0.005898118484765291,0.0,0
135,3,2.176974171772599,17.492094896836207,19.203316807138048,0.003454882484531252,52.515785217285156,0.005816992372274399,0.0,0
136,4,2.205960985273123,17.492094896836207,19.203316807138048,0.0034700788398778814,52.51105880737305,0.005720428191125393,0.0,0
137,4,2.1734578106552362,17.492094896836207,19.203316807138048,0.0034852751910022656,52.50532150268555,0.005752819590270519,0.0,0
138,4,2.3830389995127916,17.492094896836207,19.203316807138048,0.003500471538309989,52.49860763549805,0.00575648806989193,0.0,0
139,4,2.1654717791825533,17.492094896836207,19.203316807138048,0.0035156678821677413,52.49687957763672,0.005390647798776627,0.0,0
140,4,2.159203862771392,17.492094896836207,19.203316807138048,0.0035308642229070404,52.490867614746094,0.005582416895776987,0.0,0
141,4,2.19012812897563,17.492094896836207,19.203316807138048,0.003546060560827602,52.48882293701172,0.0054804184474051,0.0,0
142,4,2.1672583241015673,17.492094896836207,19.203316807138048,0.003561256896200383,52.49201965332031,0.005200763698667288,0.0,0
143,4,2.1609108727425337,17.492094896836207,19.203316807138048,0.0035764532292703356,52.4929313659668,0.00538115156814456,0.0,0
144,4,2.163046734407544,17.492094896836207,19.203316807138048,0.003591649560258898,52.4914665222168,0.00527935940772295,0.0,0
145,4,2.1639602966606617,17.492094896836207,19.203316807138048,0.003606845889366252,52.48629379272461,0.005340127274394035,0.0,0
146,4,2.159030959010124,17.492094896836207,19.203316807138048,0.0036220422167733547,52.48111343383789,0.005428610369563103,0.0,0
147,4,2.1484692599624395,17.492094896836207,19.203316807138048,0.003637238542643786,52.476985931396484,0.005372874904423952,0.0,0
148,4,2.15641712769866,17.492094896836207,19.203316807138048,0.0036524348671254075,52.471866607666016,0.005256792530417442,0.0,0
149,4,2.155552674084902,17.492094896836207,19.203316807138048,0.003667631190351882,52.4650993347168,0.005319001153111458,0.0,0
150,4,2.167659441009164,17.492094896836207,19.203316807138048,0.0036828275124440235,52.461997985839844,0.005223115440458059,0.0,0
151,4,2.1548028755933046,17.492094896836207,19.203316807138048,0.0036980238335110344,52.45753860473633,0.005152592435479164,0.0,0
152,4,2.1606690380722284,17.492094896836207,19.203316807138048,0.003713220153651622,52.45513153076172,0.004998619202524424,0.0,0
153,4,2.160873683169484,17.492094896836207,19.203316807138048,0.003728416472955002,52.454566955566406,0.004933853168040514,0.0,0
154,4,2.156362323090434,17.492094896836207,19.203316807138048,0.0037436127915018123,52.45242691040039,0.0050946488045156,0.0,0
155,4,2.1797886099666357,17.492094896836207,19.203316807138048,0.0037588091093649356,52.45079803466797,0.004996179137378931,0.0,0
156,4,2.1780840791761875,17.492094896836207,19.203316807138048,0.003774005426610241,52.447818756103516,0.004984585102647543,0.0,0
157,4,2.178089316934347,17.492094896836207,19.203316807138048,0.003789201743297263,52.44260787963867,0.0049589560367167,0.0,0
158,4,2.1738806813955307,17.492094896836207,19.203316807138048,0.003804398059479808,52.44017791748047,0.004887876100838184,0.0,0
159,4,2.1753016281872988,17.492094896836207,19.203316807138048,0.003819594375206502,52.43376922607422,0.005101184826344252,0.0,0
160,4,2.1745854411274195,17.492094896836207,19.203316807138048,0.0038347906905212923,52.43295669555664,0.0048767440021038055,0.0,0
161,4,2.172173196449876,17.492094896836207,19.203316807138048,0.0038499870054638933,52.42780685424805,0.004879436455667019,0.0,0
162,4,2.176185429096222,17.492094896836207,19.203316807138048,0.0038651833200701977,52.423011779785156,0.004853876307606697,0.0,0
163,4,2.177099021151662,17.492094896836207,19.203316807138048,0.003880379634372639,52.42204284667969,0.004633307922631502,0.0,0
164,4,2.1740533094853163,17.492094896836207,19.203316807138048,0.0038955759484005288,52.416934967041016,0.004914380144327879,0.0,0
165,4,2.171923140063882,17.492094896836207,19.203316807138048,0.003910772262180356,52.41584777832031,0.004845587071031332,0.0,0
166,4,2.1724732611328363,17.492094896836207,19.203316807138048,0.003925968575736057,52.41642379760742,0.004630628041923046,0.0,0
167,4,2.1744675040245056,17.492094896836207,19.203316807138048,0.003941164889089257,52.41536331176758,0.0046430183574557304,0.0,0
168,4,2.179304925724864,17.492094896836207,19.203316807138048,0.003956361202259502,52.414337158203125,0.0047513158060610294,0.0,0
169,4,2.174700230360031,17.492094896836207,19.203316807138048,0.003971557515264455,52.41230392456055,0.0046098195016384125,0.0,0
170,4,2.166660590097308,17.492094896836207,19.203316807138048,0.00398675382812007,52.4135627746582,0.0045038433745503426,0.0,0
171,4,2.164556350558996,17.492094896836207,19.203316807138048,0.004001950140840769,52.411720275878906,0.0045018731616437435,0.0,0
172,4,2.180695390328765,17.492094896836207,19.203316807138048,0.004017146453439583,52.41156005859375,0.004530321806669235,0.0,0
173,4,2.1830067671835423,17.492094896836207,19.203316807138048,0.004032342765928279,52.40899658203125,0.004612860735505819,0.0,0
174,4,2.183640679344535,17.492094896836207,19.203316807138048,0.004047539078317496,52.407840728759766,0.004500091541558504,0.0,0
175,4,2.177077330648899,17.492094896836207,19.203316807138048,0.004062735390616846,52.40424728393555,0.004395260475575924,0.0,0
176,4,2.1802128050476313,17.492094896836207,19.203316807138048,0.004077931702835009,52.39787292480469,0.004563264548778534,0.0,0
177,4,2.200662462040782,17.492094896836207,19.203316807138048,0.004093128014979834,52.39349365234375,0.0045458972454071045,0.0,0
178,4,2.17802825756371,17.492094896836207,19.203316807138048,0.004108324327058406,52.390716552734375,0.00448280293494463,0.0,0
179,4,2.2020087875425816,17.492094896836207,19.203316807138048,0.00412352063907713,52.3875732421875,0.004367589019238949,0.0,0
180,4,2.1602342892438173,17.492094896836207,19.203316807138048,0.004138716951041792,52.38613510131836,0.00439432030543685,0.0,0
181,5,2.1806333400309086,17.492094896836207,19.203316807138048,0.004153913262957619,52.386234283447266,0.004279078915715218,0.0,0
182,5,2.162511318922043,17.492094896836207,19.203316807138048,0.0041691095748293315,52.37779998779297,0.0045754979364573956,0.0,0
183,5,2.16462323628366,17.492094896836207,19.203316807138048,0.004184305886661197,52.3762321472168,0.00417226692661643,0.0,0
184,5,2.156531358137727,17.492094896836207,19.203316807138048,0.004199502198457069,52.3753547668457,0.004259068984538317,0.0,0
185,5,2.1402982510626316,17.492094896836207,19.203316807138048,0.00421469851022043,52.371395111083984,0.0042360504157841206,0.0,0
186,5,2.14028506539762,17.492094896836207,19.203316807138048,0.004229894821954426,52.3663444519043,0.004339986015111208,0.0,0
187,5,2.1448612343519926,17.492094896836207,19.203316807138048,0.004245091133661896,52.36046600341797,0.004339217208325863,0.0,0
188,5,2.1587887946516275,17.492094896836207,19.203316807138048,0.004260287445345408,52.35837173461914,0.004219078458845615,0.0,0
189,5,2.1606075540184975,17.492094896836207,19.203316807138048,0.004275483757007279,52.35507583618164,0.004200607538223267,0.0,0
190,5,2.1576975844800472,17.492094896836207,19.203316807138048,0.004290680068649606,52.35602569580078,0.004188268445432186,0.0,0
191,5,2.160970486700535,17.492094896836207,19.203316807138048,0.00430587638027428,52.35706329345703,0.004024963825941086,0.0,0
192,5,2.161544732749462,17.492094896836207,19.203316807138048,0.004321072691883009,52.35450744628906,0.004113851115107536,0.0,0
193,5,2.166062068194151,17.492094896836207,19.203316807138048,0.0043362690034773384,52.35097122192383,0.004097827710211277,0.0,0
194,5,2.1730491258203983,17.492094896836207,19.203316807138048,0.004351465315058663,52.35005569458008,0.004053482785820961,0.0,0
195,5,2.1647460870444775,17.492094896836207,19.203316807138048,0.00436666162662824,52.34865951538086,0.004090033005923033,0.0,0
196,5,2.1638519391417503,17.492094896836207,19.203316807138048,0.0043818579381872105,52.34446334838867,0.004013826604932547,0.0,0
197,5,2.1706676483154297,17.492094896836207,19.203316807138048,0.004397054249736599,52.3437385559082,0.004049255512654781,0.0,0
198,5,2.1686380580067635,17.492094896836207,19.203316807138048,0.004412250561277332,52.34342956542969,0.003959498833864927,0.0,0
199,5,2.1692008059471846,17.492094896836207,19.203316807138048,0.0044274468728102544,52.340396881103516,0.004016665741801262,0.0,0
200,5,2.1720830406993628,17.492094896836207,19.203316807138048,0.004442643184336117,52.33639144897461,0.004008171614259481,0.0,0
201,5,2.1706636361777782,17.492094896836207,19.203316807138048,0.004457839495855608,52.33255386352539,0.0039632502011954784,0.0,0
202,5,2.166881211102009,17.492094896836207,19.203316807138048,0.0044730358073693435,52.33173751831055,0.003940144553780556,0.0,0
203,5,2.176118515431881,17.492094896836207,19.203316807138048,0.0044882321188778815,52.32993698120117,0.003910394385457039,0.0,0
204,5,2.169413274154067,17.492094896836207,19.203316807138048,0.0045034284303817245,52.32575225830078,0.00393674336373806,0.0,0
205,5,2.167806936427951,17.492094896836207,19.203316807138048,0.004518624741881329,52.32620620727539,0.0038211403880268335,0.0,0
206,5,2.1667334977537394,17.492094896836207,19.203316807138048,0.004533821053377106,52.32603073120117,0.003824966261163354,0.0,0
207,5,2.1684398241341114,17.492094896836207,19.203316807138048,0.004549017364869427,52.325904846191406,0.0038044860120862722,0.0,0
208,5,2.1714256331324577,17.492094896836207,19.203316807138048,0.0045642136763586255,52.325382232666016,0.003782256506383419,0.0,0
209,5,2.172892240807414,17.492094896836207,19.203316807138048,0.004579409987845007,52.32400131225586,0.0038274945691227913,0.0,0
210,5,2.174094209447503,17.492094896836207,19.203316807138048,0.004594606299328843,52.322200775146484,0.0038070697337388992,0.0,0
211,5,2.184339677914977,17.492094896836207,19.203316807138048,0.00460980261081038,52.32028579711914,0.003774577984586358,0.0,0
212,5,2.1728424318134785,17.492094896836207,19.203316807138048,0.0046249989222898425,52.316688537597656,0.0037640214432030916,0.0,0
213,5,2.1745101865381002,17.492094896836207,19.203316807138048,0.004640195233767431,52.31235122680664,0.0038197895046323538,0.0,0
214,5,2.1752114556729794,17.492094896836207,19.203316807138048,0.004655391545243327,52.31037521362305,0.0036798883229494095,0.0,0
215,5,2.181160304695368,17.492094896836207,19.203316807138048,0.004670587856717696,52.3117790222168,0.003644581651315093,0.0,0
216,5,2.174772422760725,17.492094896836207,19.203316807138048,0.004685784168190684,52.309486389160156,0.0036746952682733536,0.0,0
217,5,2.178813014179468,17.492094896836207,19.203316807138048,0.004700980479662427,52.309322357177734,0.003631075844168663,0.0,0
218,5,2.1728706881403923,17.492094896836207,19.203316807138048,0.004716176791133047,52.30978775024414,0.0036107501946389675,0.0,0
219,5,2.171437744051218,17.492094896836207,19.203316807138048,0.004731373102602651,52.309486389160156,0.0035664557944983244,0.0,0
220,5,2.1767195891588926,17.492094896836207,19.203316807138048,0.004746569414071337,52.30891036987305,0.003684246214106679,0.0,0
221,5,2.1711243875324726,17.492094896836207,19.203316807138048,0.004761765725539195,52.30591583251953,0.003658896777778864,0.0,0
222,5,2.174551632255316,17.492094896836207,19.203316807138048,0.004776962037006306,52.305721282958984,0.0035279232542961836,0.0,0
223,5,2.169848497956991,17.492094896836207,19.203316807138048,0.004792158348472742,52.30250930786133,0.003640524810180068,0.0,0
224,5,2.1825515255331993,17.492094896836207,19.203316807138048,0.00480735465993857,52.29997634887695,0.0036184487398713827,0.0,0
225,5,2.1635171119123697,17.492094896836207,19.203316807138048,0.004822550971403846,52.2979621887207,0.003567503299564123,0.0,0
