step,r_p10,r_p50,r_p90,r_p99,r_mean,r_std,r_cv,r_anisotropy,temporal_drift
1,12.077248096466064,28.543021202087402,157.53319244384764,1674.4439086914026,234.41503030108288,3602.665922724517,15.368749683402337,13.043798652272747,
2,12.22444257736206,22.760740280151367,59.18638648986816,218.85468597412097,36.7147246634122,97.2718730248057,2.649396772454658,4.84164297188266,0.3145551887967448
3,12.26260461807251,20.839990615844727,42.67586975097656,104.05724716186522,25.933789811562747,20.514964647241094,0.7910515507492224,3.480163560690954,0.18107208757262616
4,12.36361608505249,20.00973892211914,36.899653625488284,69.40905921936032,23.180857628583908,12.601525212814478,0.5436177304016465,2.9845357031184157,0.12124674019205606
5,12.764455032348632,19.49414348602295,33.98027725219727,55.80037017822263,21.94778142636642,9.839067879530791,0.4482944170252613,2.662101685193917,0.09342324567186133
6,12.974680328369141,19.321992874145508,31.42696952819824,47.460694847106936,21.063576634041965,8.288945524886728,0.3935203251042619,2.4221767883932497,0.07509718368892981
7,13.222482109069825,18.990812301635742,29.491909408569335,42.87225849151611,20.423598977038637,6.993712434908117,0.34243291022169225,2.230436703585302,0.066301903365235
8,13.575846195220947,18.802470207214355,27.56441249847412,41.60673995971678,19.957838729489595,6.381881278588464,0.3197681555146866,2.0304010595065165,0.05656162611169768
9,13.552315139770508,18.568533897399902,26.881823921203612,38.68292545318603,19.624117975123227,5.818889357430065,0.29651724295616533,1.9835595353237059,0.05022015098331978
10,13.660827541351319,18.450900077819824,26.056597518920896,37.640371017456054,19.37629528855905,5.398897456651416,0.27863414425972627,1.9073952467409157,0.04413762154598011
11,13.72699728012085,18.337674140930176,25.51937484741211,34.650633583068846,19.176225046161562,5.001497616564696,0.2608176324863182,1.8590646101728843,0.03882340918540472
12,13.751643466949464,18.165995597839355,25.009462356567383,33.33397491455078,19.011261046864092,4.720842698502938,0.24831823027760913,1.818652615352836,0.03680516230932818
13,13.936338710784913,18.159936904907227,24.76622734069824,31.816149578094482,18.86478990362957,4.418525118580065,0.23422074357318678,1.77709711672926,0.03436126977684539
14,13.919540119171142,18.066609382629395,24.177172470092774,30.800043907165527,18.724126297514886,4.13472069150685,0.22082315755665569,1.7369232218235409,0.03103220529104944
15,14.046225452423096,18.022951126098633,23.91729278564453,30.600221748352048,18.62404952198267,3.9854589352350565,0.2139952930500356,1.7027558660977202,0.029345659665198864
16,14.10877513885498,18.013989448547363,23.722426986694334,29.38078527450561,18.524206625763327,3.8128459246192743,0.20583045750074916,1.681395213491195,0.02717039797879961
17,14.161927795410156,17.956461906433105,23.46163387298584,29.212646923065183,18.446227688342333,3.6811550746984727,0.19956140284579124,1.6566695023392009,0.025969637877861107
18,14.301220321655274,17.936766624450684,23.269751167297365,28.425962276458733,18.391441743820906,3.5442558763159004,0.19271223679387112,1.6271164728552368,0.023738799804548405
19,14.367198657989501,17.921704292297363,22.916128158569336,27.679393920898438,18.32809602143243,3.4130349459921043,0.1862187399062611,1.5950310637506104,0.02341762855032381
20,14.427881050109864,17.880809783935547,22.72702751159668,27.153661212921143,18.274030200205743,3.280178650406695,0.1794994653324894,1.575215891554888,0.02137162377223878
21,14.545055770874024,17.888693809509277,22.545534324645995,26.876448974609374,18.228187814820558,3.1924291780618144,0.17513694781365963,1.5500479805510718,0.02045894741730314
22,14.598305988311768,17.839659690856934,22.424951553344727,26.63777444839477,18.199363342951983,3.116824804765876,0.1712601010283648,1.5361338206843598,0.019225137463389164
23,14.615738868713379,17.80746555328369,22.270233726501466,26.27344690322876,18.182087942957878,3.0540781178323075,0.16797180430618175,1.5237159015048762,0.018526843994934428
24,14.682110404968261,17.74051284790039,22.09137897491455,26.05241058349609,18.14783600764349,2.960275076329804,0.1631200036788407,1.5046460192425115,0.018128844426514412
25,14.685603809356689,17.71655559539795,21.976473236083983,25.805496616363524,18.09784368844703,2.916002906466669,0.16112432821641254,1.496463715171319,0.016921514312273622
26,14.719243621826172,17.726537704467773,21.863603591918945,25.5601847076416,18.056128235068172,2.8574286397231003,0.15825256680296898,1.4853754821680434,0.016812688966964418
27,14.735813236236572,17.65588665008545,21.61698341369629,25.4182320022583,18.01502716401592,2.772375995413724,0.15389241271594645,1.466969149726895,0.015469927050707266
28,14.828265857696532,17.656187057495117,21.577674484252928,25.363481445312498,17.989875653292984,2.727181796539641,0.1515953666995158,1.455171811142916,0.01532102249425793
29,14.874302673339844,17.66780948638916,21.524685668945313,25.202259941101072,17.960950987413526,2.6799888975516755,0.14921197098247904,1.4471055310394734,0.014951145433363067
30,14.825947284698486,17.648898124694824,21.330141830444337,25.056163158416748,17.92494492046535,2.6336617574123347,0.1469271882897346,1.438703471747716,0.014037066824126532
31,14.816414928436279,17.644991874694824,21.34537525177002,24.803280715942382,17.896336973644793,2.587125441534218,0.1445617304448487,1.4406572274648632,0.014044408780828022
32,14.79130449295044,17.679950714111328,21.269846153259277,24.712549514770508,17.887856351211667,2.5539317502108827,0.14277461200865957,1.4379966394036794,0.013244728779948867
33,14.846954154968262,17.61024570465088,21.069162559509277,24.736685428619385,17.85842776298523,2.5115739904837793,0.14063802389645205,1.419089891407718,0.012869270429065605
34,14.887889862060547,17.58601474761963,21.04520606994629,24.451425533294678,17.83839410636574,2.4825781273913643,0.13917049441717633,1.4135788392401194,0.0124763710250273
35,14.912045097351074,17.54059886932373,20.962972831726074,24.507521877288816,17.816928463056684,2.4422618127504454,0.13707535604773088,1.405774506103785,0.012357801098595411
36,14.937090396881104,17.516301155090332,20.848091697692873,24.49407995223999,17.782196262851357,2.4017882479275405,0.13506701941790492,1.3957264195204977,0.011584918662344457
37,14.959177589416504,17.47480010986328,20.89602699279785,24.509266605377196,17.777917171362787,2.3784249599026057,0.13378535499838223,1.39687003967261,0.011635232601443501
38,15.000076961517333,17.49368953704834,20.854578971862793,24.43956548690796,17.768617085181177,2.351099472672167,0.13231752709854708,1.3902981314939364,0.011348018945693594
39,15.038561534881591,17.493895530700684,20.788096618652343,24.489865036010734,17.754712746012956,2.3243974408521786,0.13091720908715637,1.3823194838439061,0.011172496227911166
40,15.01198377609253,17.47006130218506,20.763466453552244,24.253037452697754,17.72852875897661,2.293255126523687,0.1293539445771848,1.3831260920105237,0.010596921699697726
41,15.037026405334473,17.464475631713867,20.701678466796874,23.86837545394897,17.707654140423983,2.2542675136124113,0.12730469523155236,1.376713580781692,0.010415443053450879
42,15.051810359954834,17.46686840057373,20.627716255187988,23.861969299316403,17.695168558508158,2.228320477749678,0.12592818601200956,1.3704475250410932,0.01014517859498043
43,15.076114273071289,17.420984268188477,20.626417541503905,23.678817577362057,17.6823763391003,2.1976787506009168,0.1242863916283289,1.3681521092173252,0.009811472425277135
44,15.125245189666748,17.45065402984619,20.531713676452636,23.73183992385864,17.674665892031044,2.1601715685253824,0.12221852349126082,1.3574466674087025,0.009818531064486935
45,15.127045059204102,17.440443992614746,20.449808502197264,23.21250566482544,17.658848096616566,2.114325397635502,0.11973178465930666,1.3518706675468326,0.009670848040598479
46,15.12497034072876,17.42939853668213,20.33905906677246,23.24348314285278,17.644744847901165,2.076004886751625,0.11765570455378759,1.3447338149155321,0.00901759026933302
47,15.154946231842041,17.452519416809082,20.263179779052734,23.211850337982177,17.639257801230997,2.050840905981035,0.11626571418656359,1.3370670848358266,0.00912485879650382
48,15.170020866394044,17.410198211669922,20.258734130859374,23.25135196685791,17.622665802016854,2.0306730558717025,0.11523075331992615,1.3354453701338205,0.009084465230584815
49,15.237058162689209,17.39692497253418,20.25755443572998,23.08229215621948,17.61915165465325,2.0190274655438745,0.11459277410843136,1.3294924925425824,0.008730172040629203
50,15.24316349029541,17.41951847076416,20.20024700164795,22.91726581573486,17.61087155295536,1.986309848994819,0.11278884426713608,1.3252004424480834,0.00849650710479355
51,15.225221347808837,17.415522575378418,20.158618354797362,23.035155963897704,17.598737189546227,1.973318160107062,0.11212839528504503,1.3240279332752376,0.00850467174063163
52,15.248888683319091,17.445881843566895,20.18353271484375,22.908388404846193,17.59307282185182,1.9625828742846756,0.11155429720310207,1.3236067974529,0.008316179719618955
53,15.274652576446533,17.45241069793701,20.12695941925049,22.976743087768554,17.595866934396327,1.946513900032965,0.11062335872908471,1.3176705210491138,0.00813851912062824
54,15.272614765167237,17.433444023132324,20.066044807434082,22.99989152908325,17.597637896426022,1.9392616713797346,0.11020011224197239,1.3138578505364635,0.00800756060820107
55,15.275727462768554,17.447959899902344,20.02255210876465,22.936685886383056,17.58808529190719,1.9187344274745428,0.10909285437439915,1.3107429520175393,0.007871600315655591
56,15.297275257110595,17.452425956726074,20.04716682434082,22.760628623962397,17.57973968470469,1.9056604372806707,0.1084009474235103,1.3105057265033095,0.0076489877299337206
57,15.314503955841065,17.430490493774414,20.015011405944826,22.879899749755857,17.574916721321642,1.898432842282973,0.10801945024182226,1.3069317467713966,0.007476419887860075
58,15.292212009429932,17.429887771606445,19.94399490356445,22.65825092315674,17.56543916789815,1.8720274268849135,0.10657447325917996,1.3041929376381913,0.007410171883065697
59,15.323173713684081,17.415411949157715,19.937877464294434,22.824044818878175,17.564271579496562,1.8557482855176775,0.10565472511162732,1.3011584830164313,0.0073844006375203275
60,15.288559246063233,17.41104793548584,19.963451194763184,22.63515785217285,17.551119957584888,1.8327442312176438,0.10442320693190896,1.3057771418130013,0.007053185469693801
61,15.335326099395752,17.40398597717285,19.925433540344237,22.635805416107175,17.54391081770882,1.8255067185308567,0.10405357947261056,1.299315933107503,0.007030245852296835
62,15.353710460662843,17.391316413879395,19.819273376464842,22.521806468963618,17.53688527457416,1.8069838138225884,0.1030390394605844,1.2908458464970438,0.0069485136350802
63,15.392037296295166,17.387346267700195,19.854503059387206,22.504780445098877,17.531763128004968,1.7933568773443431,0.10229187242894369,1.2899204099619839,0.00694763227340478
64,15.402512168884277,17.401606559753418,19.85985736846924,22.457275695800778,17.532813587691635,1.7834587104070796,0.10172119275020988,1.2893907922754033,0.006617610067667812
65,15.39552698135376,17.377023696899414,19.85783462524414,22.35050489425659,17.523436457384378,1.7626982890147338,0.10059090254936455,1.2898444235975093,0.006618376845711316
66,15.386537265777587,17.373613357543945,19.828435325622557,22.2100786781311,17.519239814952016,1.7464631660703154,0.09968829609717281,1.2886873104141856,0.006534254098816694
67,15.417799472808838,17.40066623687744,19.7629186630249,22.143140029907226,17.515714361798018,1.7323773377079472,0.09890417838088766,1.281824860796718,0.006518405650918213
68,15.438086128234863,17.42440414428711,19.779648208618163,22.12443197250366,17.51652942178771,1.7243796815253856,0.09844299861024629,1.2812241131653603,0.006378035871166476
69,15.461793231964112,17.411093711853027,19.75203456878662,22.207631435394287,17.516965019982308,1.7044112737575652,0.09730060383252889,1.2774737232906017,0.006113626152706386
70,15.494061279296876,17.424925804138184,19.725044441223144,22.171716156005857,17.520231239963323,1.692344316391601,0.09659372032324522,1.2730712810320233,0.006066224383760366
71,15.499620628356933,17.444852828979492,19.676381492614745,22.105549049377437,17.51456467853859,1.6790570135120952,0.09586632864301342,1.2694750384158646,0.006288222321895631
72,15.53872299194336,17.426889419555664,19.657754135131835,22.16920072555542,17.510014701168984,1.6680296286219083,0.09526146363032746,1.2650817023589482,0.006063265274442342
73,15.547518730163574,17.40503692626953,19.64838981628418,22.235286083221435,17.50469170231372,1.6612870518597553,0.09490524484016882,1.2637637012885246,0.005750737839852249
74,15.518972396850586,17.37679100036621,19.692417907714844,22.039060535430906,17.50619877735153,1.6447923061206913,0.0939548514808723,1.2689253775405398,0.005845768839708887
75,15.53801441192627,17.38892650604248,19.657221603393555,22.053589096069334,17.507748872973025,1.641550085051393,0.09376134515988395,1.2651051210446536,0.005723344204117575
76,15.54300136566162,17.387925148010254,19.629804420471192,21.948027763366692,17.515475262422115,1.6353376822366243,0.09336530455128986,1.2629352567541003,0.005702389528371654
77,15.556053161621094,17.392277717590332,19.568642234802248,21.900506706237785,17.51079451991245,1.6276300341879189,0.09295009614424146,1.2579439033469466,0.005553635366573717
78,15.567778301239013,17.401780128479004,19.57376003265381,21.821751976013182,17.510165301151574,1.620317937532397,0.09253584473162199,1.2573252042711816,0.005448135708799873
79,15.579368114471436,17.39552116394043,19.562301063537596,21.797362632751465,17.50388155831024,1.6081697345289763,0.09187503521271673,1.2556543320499935,0.005556123177510752
80,15.577973651885987,17.391067504882812,19.518705749511717,21.766544342041016,17.500052961986512,1.5987188241442603,0.09135508490271348,1.2529682091963634,0.005355428673181617
81,15.578125381469727,17.36960792541504,19.493782615661623,21.819123382568357,17.5002507888712,1.5820163187953855,0.09039963700414083,1.251356125227339,0.0054144842286327766
82,15.594650554656983,17.38783550262451,19.513937568664552,21.74257173538208,17.498695297166705,1.5702890263519012,0.0897374918349572,1.2513225288550736,0.005207759517703137
83,15.610969066619873,17.39015769958496,19.489856147766112,21.70099960327148,17.50363224837929,1.5685454144210775,0.08961256681831359,1.2484718959209433,0.005169758973823768
84,15.624321937561035,17.389978408813477,19.495771598815917,21.714205207824705,17.50102371769026,1.5607409481127428,0.08917998017082428,1.2477835311334615,0.005102617478875526
85,15.627051258087159,17.387707710266113,19.479967498779295,21.585148105621336,17.503041467629373,1.5579221370135532,0.08900865257588626,1.2465542716319058,0.004971054728884372
86,15.623747158050538,17.396153450012207,19.46027545928955,21.57844192504883,17.504041891545057,1.5517736487192189,0.08865230432685202,1.2455575005425088,0.0050253931993444745
87,15.641412734985352,17.39358615875244,19.465283203125,21.46542945861816,17.497480004560202,1.5322758959837541,0.0875712328623557,1.2444709140362205,0.004991090524207653
88,15.660497379302978,17.382163047790527,19.435692024230956,21.420120010375975,17.49332423461601,1.5206989466037932,0.08693024414391262,1.2410647984857301,0.004980697898381736
89,15.68609037399292,17.40830135345459,19.416516304016113,21.348724269866942,17.497176382225007,1.5094737431183627,0.08626956202212167,1.2378174446966168,0.004857541370692164
90,15.67899227142334,17.417455673217773,19.398129081726072,21.40260938644409,17.494837341364473,1.5011393803163589,0.08580470632711128,1.2372050923885753,0.004775307185150179
91,15.708722496032715,17.393840789794922,19.390710830688477,21.409662704467774,17.492480555549264,1.494928446786681,0.08546120386067453,1.234391328485538,0.004854486902908572
92,15.693617820739746,17.374184608459473,19.380655670166014,21.295373306274413,17.48824331862852,1.4830495344567494,0.0848026589884532,1.2349386796302444,0.0047542809538843045
93,15.70516529083252,17.380338668823242,19.36155605316162,21.33282251358032,17.48352256976068,1.4682425551312472,0.0839786461379759,1.2328145355123021,0.004706142084822007
94,15.71224603652954,17.370619773864746,19.372532844543457,21.31012065887451,17.484039712231606,1.4630083455433642,0.08367679149801191,1.232957579680466,0.004604509942574886
95,15.691343212127686,17.39495277404785,19.38142910003662,21.405034332275388,17.485896460711956,1.4567632912916366,0.0833107581624284,1.2351669858993908,0.004516774819548708
96,15.717097282409668,17.396127700805664,19.38529281616211,21.337549686431885,17.484531226567924,1.4492884727036748,0.08288975288633796,1.2333888674124216,0.00449471659251266
97,15.719250297546386,17.391876220703125,19.35283088684082,21.31729133605957,17.481637069955468,1.4333795452949216,0.08199343914754849,1.2311548273941282,0.004539204440025868
98,15.752882766723634,17.39574146270752,19.37554874420166,21.31236494064331,17.479177550878376,1.4224418548693651,0.08137922111775125,1.2299684464820966,0.00436435984543837
99,15.746806335449218,17.394695281982422,19.364501190185546,21.322715530395506,17.472595954313874,1.4100867035638214,0.08070275918076614,1.229741496635554,0.004533829266840428
100,15.743162155151367,17.375676155090332,19.289441871643067,21.26426273345947,17.468744705431163,1.4002713414559849,0.08015866995987582,1.2252584126074895,0.004405084067231613
101,15.75400094985962,17.37955093383789,19.282566452026366,21.307235221862793,17.467527985107154,1.3943386405643652,0.07982461180272223,1.2239790078340822,0.004326380678461694
102,15.763696384429931,17.378392219543457,19.273237037658692,21.372768688201905,17.471440559718758,1.3928971518235667,0.07972423035539254,1.2226343725254183,0.004187976075793687
103,15.771580410003661,17.387775421142578,19.27451858520508,21.278667678833006,17.46904790494591,1.3819982602665204,0.07911125252998151,1.2221044488971797,0.0042428985814362274
104,15.81891689300537,17.398056983947754,19.25840950012207,21.249946899414063,17.463838110212237,1.3753662690938535,0.07875509727094801,1.2174290838228965,0.004265528201616853
105,15.813029479980468,17.393293380737305,19.23722229003906,21.163526706695553,17.462517047300935,1.3672057463042977,0.0782937386747243,1.2165424920249261,0.004149826937644763
106,15.83685073852539,17.39839744567871,19.256458473205566,21.16658811569214,17.466527017299086,1.362725882531004,0.07801928117600836,1.215927256696402,0.004101239886667329
107,15.863039779663087,17.40807342529297,19.207830810546874,21.04229959487915,17.462278559803963,1.343518926300229,0.07693835152720824,1.2108543556180142,0.004158142325644265
108,15.8574538230896,17.4014253616333,19.199205780029295,21.0186909866333,17.464862116146833,1.3375746129095167,0.07658661167859353,1.2107369817513745,0.0040067446524654216
109,15.856363868713379,17.398508071899414,19.208491897583006,21.040814876556393,17.46595986234024,1.3333351400611713,0.07633907043013892,1.211405846676097,0.004071688449367894
110,15.886211776733399,17.395065307617188,19.20007953643799,20.952024364471434,17.464824589900672,1.3268368715636831,0.07597195521396469,1.2086002507254756,0.003933283399603749
111,15.865092849731445,17.386707305908203,19.192247581481933,20.98159339904785,17.46526104118675,1.3199262232072457,0.0755743770502246,1.2097154276539144,0.00378281181714879
112,15.89577112197876,17.400383949279785,19.176194953918458,20.854751358032225,17.462249152828008,1.3116183688583047,0.07511165127579733,1.2063708521446892,0.003943435861744504
113,15.904055500030518,17.41375160217285,19.17218780517578,20.886492195129392,17.459095338359475,1.3056233131146424,0.07478184223245807,1.2054904992716475,0.0038707553145460594
114,15.895886325836182,17.413025856018066,19.16000328063965,20.814933128356934,17.455011658370495,1.2939835241905344,0.07413249269129012,1.2053435013245015,0.0039036414604773917
115,15.896996116638183,17.397988319396973,19.16337032318115,20.73134077072143,17.455635216087103,1.2880211049145345,0.07378826888680023,1.2054711583608115,0.003851116022039802
116,15.919354915618896,17.397772789001465,19.16429386138916,20.719954986572265,17.45666562858969,1.282400447841592,0.07346193569414185,1.2038360827414287,0.003854595527114091
117,15.915867900848388,17.404897689819336,19.105855560302732,20.69921089172363,17.45677554467693,1.2744598064841404,0.07300659868269657,1.2004281311787153,0.0037843873950045293
118,15.910581970214844,17.39852523803711,19.127104568481446,20.740717792510985,17.455013490282,1.2692762019792567,0.07271699919830601,1.2021624730187772,0.003785066981865093
119,15.903157711029053,17.39749813079834,19.083102416992187,20.714621982574464,17.45555278332904,1.2644730011562295,0.07243958509087532,1.1999568113292243,0.0037349022364583373
120,15.914874362945557,17.39840602874756,19.100165557861327,20.77466564178467,17.459675842896104,1.2607311627223614,0.07220816549325117,1.2001455444933986,0.0036879710240784735
121,15.924094200134277,17.404488563537598,19.073364067077637,20.70158456802368,17.460402729921043,1.2557990953255673,0.07192268785264418,1.1977675984180502,0.0035930088500590873
122,15.934010124206543,17.421110153198242,19.056858825683594,20.757618179321287,17.461977580096573,1.252396684245733,0.07172135449728408,1.1959863635791783,0.0035543501697570257
123,15.934636497497559,17.392298698425293,19.07609443664551,20.766143379211425,17.46043420722708,1.2498522819048463,0.07158197024605022,1.1971465078378976,0.003576275863141687
124,15.925139999389648,17.400266647338867,19.066063690185548,20.700956573486327,17.45944376476109,1.2457503185566925,0.07135108857654601,1.197230522991715,0.003507064252822545
125,15.936486434936523,17.40036106109619,19.019682121276855,20.646529884338378,17.454946808051318,1.2392812224222356,0.07099885413862168,1.1934677194328884,0.003470408004079939
126,15.927739715576172,17.381403923034668,19.029568672180176,20.69437145233154,17.45492497459054,1.2390426769325444,0.07098527657587998,1.1947438250494915,0.003520326402500107
127,15.94611577987671,17.367411613464355,19.023124122619627,20.652834720611573,17.45528070628643,1.23810533114458,0.07093013008371057,1.192962874797759,0.0035029166445179616
128,15.97003631591797,17.37233543395996,19.035849571228027,20.656632747650146,17.453318413812667,1.2346867828281871,0.07074223672279124,1.1919728418058912,0.0034813348944937594
129,15.950935363769531,17.38071346282959,19.040828704833984,20.650815620422364,17.451908708550036,1.231053117263391,0.07053974082847876,1.1937123604727746,0.0033809491234408906
130,15.964893054962157,17.391724586486816,19.03078212738037,20.66846906661987,17.450489546637982,1.2283163236842893,0.07038864556787963,1.1920394368984064,0.003376560470768508
131,15.959941291809082,17.389554023742676,19.02002372741699,20.703413829803466,17.449257030617446,1.2238382251051678,0.07013698193325668,1.1917351937364828,0.0034145207569629132
132,15.956595039367675,17.399423599243164,19.009659576416016,20.655486125946044,17.446420047897846,1.2162284117635453,0.06971220504977416,1.191335590676827,0.0032857570617335075
133,15.980907535552978,17.383268356323242,19.04024028778076,20.62633508682251,17.448732636868954,1.212946553058914,0.0695148798655997,1.1914367344546384,0.0032740599582377072
134,15.997176456451417,17.36373996734619,19.026444244384766,20.61828577041626,17.447611493989825,1.204865754682377,0.06905620033420717,1.189362653852061,0.0033392435760424277
135,15.984759044647216,17.368064880371094,19.015917778015137,20.607674922943115,17.445836945902556,1.1986939580554934,0.06870945554360615,1.1896280528784673,0.0033172462070654163
136,15.949451541900634,17.369976043701172,19.02862129211426,20.608800220489503,17.44380676932633,1.1966672059153702,0.06860126472047505,1.1930580335081975,0.0031929997122566167
137,15.956878471374512,17.369115829467773,19.050275421142576,20.58253900527954,17.44250022014603,1.194589353137787,0.06848727751529796,1.1938597799887611,0.003206243687947641
138,15.98496608734131,17.36196517944336,19.019849395751955,20.568539333343505,17.443199751432985,1.1882115216190048,0.06811889667899901,1.1898586016278137,0.0032480535469199268
139,15.995548820495605,17.363959312438965,19.0145601272583,20.54456874847412,17.442369748838246,1.1846697562344657,0.06791908285933286,1.188740714097558,0.0031819915639796914
140,15.997944450378418,17.368976593017578,18.97038879394531,20.53013359069824,17.438945576082915,1.1807912705587233,0.06771001523040186,1.1858016417538306,0.003249041321973678
141,16.002086067199706,17.373499870300293,18.965317153930663,20.549266052246093,17.43515362776816,1.1753024054165613,0.06740992540178778,1.1851777995873203,0.003193936106091755
142,15.996610260009765,17.359671592712402,18.956695556640625,20.57945819854736,17.433225814718753,1.172291883136761,0.06724469100532175,1.185044534343056,0.0030464286953335584
143,15.984053134918213,17.373414039611816,18.93122844696045,20.543024101257323,17.432594045996666,1.1665960474353898,0.06692039316450982,1.1843822269086393,0.0030534467075300498
144,15.9871750831604,17.351133346557617,18.939552116394044,20.4797043800354,17.429888755083084,1.1631384557755768,0.06673240845764838,1.1846715894381765,0.003061732054594035
145,15.9926176071167,17.345230102539062,18.931358909606935,20.538782920837402,17.428364235907793,1.1602591346512654,0.06657303685797285,1.1837561163960113,0.003065197782731399
146,16.002160453796385,17.34622097015381,18.911003494262694,20.52275354385376,17.429863686673343,1.158437685107984,0.06646280808229792,1.1817781448239515,0.003026557565975141
147,16.01989917755127,17.364242553710938,18.881711196899413,20.540888023376464,17.42641440173611,1.1490025219384719,0.06593453452042333,1.1786410755542338,0.00307783226594327
148,16.01984920501709,17.364151000976562,18.881151008605958,20.499147930145263,17.422034557443112,1.1430552756586407,0.06560974677726718,1.1786097838357161,0.0030251027480654447
149,16.022150421142577,17.374147415161133,18.906672286987305,20.391054096221925,17.41989105846733,1.137721951171452,0.0653116570794188,1.1800333781686607,0.00295363063833598
150,16.018295669555663,17.364290237426758,18.91303482055664,20.448015251159667,17.419911208562553,1.1385160596059611,0.06535716778202273,1.1807145535778012,0.002957960485201916
151,16.027786254882812,17.36067485809326,18.89707546234131,20.45323383331299,17.418725424911827,1.1331087132808608,0.06505118403556193,1.1790196825581185,0.0029835995657629955
152,16.019870567321778,17.368802070617676,18.88320426940918,20.433372020721436,17.416765619535,1.1270162044018022,0.06470869672482231,1.1787363817987513,0.002975052099707387
153,16.04017925262451,17.365517616271973,18.875869369506837,20.45951591491699,17.413992051500827,1.1242301909444448,0.06455901596943435,1.1767866850003155,0.002906681219988494
154,16.036203575134277,17.364542961120605,18.89021453857422,20.364330253601075,17.413512327242643,1.1206584807445876,0.06435568308590844,1.1779729815768472,0.0029063202588917036
155,16.036744689941408,17.368574142456055,18.890289306640625,20.315637435913082,17.415074458811432,1.119511010249757,0.06428402088647532,1.1779378964914882,0.0028419343094838734
156,16.05658950805664,17.34427833557129,18.865390968322753,20.21030824661255,17.41418403899297,1.1169361886618785,0.06413945012645386,1.174931386198592,0.0028410294455376572
157,16.056243324279784,17.351452827453613,18.878317642211915,20.22195198059082,17.415787965990603,1.1158283349996412,0.06406993109807152,1.175761805606463,0.002835041698070917
158,16.070742225646974,17.341779708862305,18.877833938598634,20.25722192764282,17.412132575176656,1.1092170858392618,0.06370368942748578,1.174670943851733,0.002831341981589519
159,16.074462890625,17.341225624084473,18.889671516418456,20.30194850921631,17.414182952605188,1.1040888911118227,0.06340170504219088,1.1751354707742896,0.0027756822193276687
160,16.04760856628418,17.345457077026367,18.8968994140625,20.23921474456787,17.41201140033081,1.0993786907355767,0.06313909780203163,1.177552364641087,0.0028139991370166317
161,16.06510486602783,17.342150688171387,18.879501152038575,20.223267364501954,17.40877090068534,1.0953258847124525,0.0629180480897323,1.1751869228044831,0.002782933908044738
162,16.06539306640625,17.33573341369629,18.869839477539063,20.25297302246094,17.40892097959295,1.092996034332516,0.06278367485346999,1.1745644441776582,0.0028224025920076112
163,16.059689712524413,17.33644676208496,18.862805938720705,20.16821838378906,17.40873006405309,1.0896320313759247,0.06259112682928449,1.1745436105163498,0.0027516559794980022
164,16.060096168518065,17.348817825317383,18.850177574157716,20.15338092803955,17.407155556138605,1.085748020459742,0.062373661047502665,1.1737275652874937,0.0027780735293150283
165,16.068925857543945,17.351194381713867,18.835909271240233,20.176198711395262,17.407404897734523,1.0822704422071039,0.06217299181384328,1.1721946717675134,0.002735459108196059
166,16.08655071258545,17.34529399871826,18.84487648010254,20.201772499084473,17.408892506267875,1.0808308732112464,0.06208498747534373,1.1714678190992858,0.002689021637671374
167,16.103022384643555,17.351582527160645,18.82805233001709,20.15512777328491,17.40855265315622,1.076292532358107,0.06182550346383747,1.169224750502255,0.002722601497722854
168,16.098895835876466,17.35746955871582,18.814538383483885,20.1204487991333,17.41045394539833,1.0723037744485273,0.0615896505519859,1.1686850188542495,0.0026995937741802756
169,16.112201309204103,17.355259895324707,18.817376708984373,20.09647731781006,17.40986235998571,1.068313316681883,0.06136253662391159,1.167896077504626,0.0026784074881580633
170,16.093140029907225,17.351622581481934,18.837925910949707,20.115577068328857,17.41297462536022,1.0670115306897965,0.061276809600112954,1.170556266579525,0.0026411664752183928
171,16.094848823547363,17.348376274108887,18.82406883239746,20.139528942108154,17.411191820632666,1.063276012752291,0.061068537048238385,1.169571024790065,0.002695427833226516
172,16.104374122619628,17.347299575805664,18.809863090515137,20.12404218673706,17.410586829762906,1.0604747022342451,0.06090976212366338,1.1679971507924345,0.0025961204559783457
173,16.11055564880371,17.355942726135254,18.810036659240723,20.10599590301514,17.409588200505823,1.0581458240031596,0.06077948609792022,1.1675597707045853,0.0026365699006591914
174,16.0994441986084,17.35895347595215,18.819001770019533,20.107630500793455,17.40850742114708,1.0574405358869652,0.06074274550398465,1.1689224508536888,0.002570727037940701
175,16.109978675842285,17.367653846740723,18.79460048675537,20.099525737762452,17.408253162167966,1.0553199739714612,0.060621819095835985,1.1666434118214453,0.002573671761274765
176,16.131354141235352,17.362170219421387,18.802108192443846,20.13145881652832,17.406577609479427,1.0502984161074895,0.06033916831161048,1.165562917274344,0.002544323755329536
177,16.120680809020996,17.358786582946777,18.804337882995604,20.136734294891358,17.40456335293129,1.0461035273941344,0.060105129107875535,1.166472936581739,0.002580407740853552
178,16.10733242034912,17.355793952941895,18.800332069396973,20.184075508117676,17.40385394822806,1.0464954537365727,0.06013009858906105,1.1671909152160829,0.002613791426020251
179,16.120888900756835,17.348026275634766,18.79057025909424,20.175311222076417,17.40378442639485,1.0443392660549613,0.06000644690077292,1.1656038556417363,0.0025638757470192175
180,16.11645164489746,17.344667434692383,18.7768705368042,20.15646646499634,17.402563886716962,1.0398442413155233,0.059752358795201216,1.165074729259591,0.0025682518948573207
181,16.1161226272583,17.332205772399902,18.762289619445802,20.16467477798462,17.4028412993066,1.038779892877249,0.059690246840246604,1.1641937737376025,0.0024956902248678414
182,16.12602081298828,17.33482074737549,18.75568733215332,20.172193965911866,17.402224355377257,1.0347622615440608,0.05946149414079477,1.1630697708790656,0.0025030097483118574
183,16.11759433746338,17.350130081176758,18.746073150634764,20.119564609527586,17.400874156039208,1.030417924492899,0.059216445981553095,1.1630813357215355,0.0024519481274334343
184,16.12236804962158,17.346763610839844,18.75169906616211,20.104744396209718,17.40199503581971,1.0286762733263632,0.05911254837212451,1.1630859070111754,0.0025086371887645953
185,16.130110359191896,17.353943824768066,18.746677780151366,20.140996475219726,17.40146669279784,1.0232207423407038,0.05880083330930932,1.1622163371912948,0.002446005509092908
186,16.13973445892334,17.358363151550293,18.75322742462158,20.138285446166993,17.402159658260643,1.0189149970613471,0.058551065906218,1.1619291180006555,0.0024625010707470807
187,16.14729404449463,17.344250679016113,18.744222831726074,20.057930107116697,17.40094185480848,1.0153959115117623,0.058352928248603594,1.160827490976227,0.0024672303013539842
188,16.15363006591797,17.330927848815918,18.73106746673584,19.951662082672115,17.39982866542414,1.0128882228984715,0.058212540041340764,1.159557783006058,0.0023913276858482657
189,16.15228614807129,17.336198806762695,18.71970558166504,19.925703182220456,17.399165739305317,1.0089011936132473,0.057985607398066484,1.1589508389126897,0.002425798813867397
190,16.156310653686525,17.34858512878418,18.73452548980713,19.925695648193358,17.40210784273222,1.0080877589456672,0.0579290605515172,1.1595794294492792,0.002431725551566899
191,16.150316047668458,17.352083206176758,18.707088661193847,19.936919937133787,17.402380515355617,1.0070694459099359,0.05786963714655658,1.1583109956473265,0.0023433165432127367
192,16.16456470489502,17.359216690063477,18.70919761657715,19.93355369567871,17.401303234044462,1.0031597125169285,0.057648539251607026,1.1574204414494103,0.002420055691087164
193,16.188509368896483,17.365402221679688,18.710859489440917,19.870076732635496,17.402506823651493,0.99949350755183,0.05743388108852415,1.1558111412895562,0.0023337406213597145
194,16.188133430480956,17.36785888671875,18.725418663024904,19.92003271102905,17.401137145701796,0.9978989023592523,0.05734676383524397,1.1567373560046423,0.002400869138166062
195,16.194420623779298,17.356121063232422,18.712718963623047,19.917090473175048,17.400261072441936,0.9983234159452553,0.05737404811278223,1.1555040713309603,0.002365399297327375
196,16.19686222076416,17.34895610809326,18.72762393951416,19.902433929443358,17.401552110444754,0.9964607325997261,0.057262750257871003,1.1562501232803968,0.002330252770596397
197,16.19395008087158,17.352643966674805,18.721860694885255,19.942790203094482,17.401502472814173,0.9923329871605665,0.0570257073325052,1.1561021616955371,0.0023456531240781953
198,16.203937339782716,17.353458404541016,18.713037109375,19.942395763397215,17.403599297162145,0.9910567595570808,0.05694550550348995,1.1548450674042121,0.0022664478147316203
199,16.209179878234863,17.35068416595459,18.70731315612793,19.96954204559326,17.403978238347918,0.9887116227813235,0.05680951844692593,1.1541184252787198,0.0022701852468631767
200,16.189287185668945,17.369519233703613,18.68629722595215,19.926811809539796,17.40352897485718,0.9847370977103357,0.05658261029317571,1.1542384177663858,0.0023020259651151953
201,16.185175704956055,17.355207443237305,18.6862850189209,19.951426029205322,17.40291924821213,0.9840717233539021,0.056546359223898585,1.1545308719261527,0.0022518480175774958
202,16.17685546875,17.360648155212402,18.687748527526857,19.96870834350586,17.403140530455858,0.9821513246025828,0.056435292405057444,1.1552151506593684,0.00222265668614563
203,16.181337928771974,17.35285472869873,18.66601848602295,19.927617588043212,17.401622789911926,0.9798817860475666,0.05630979351050087,1.1535522320952813,0.0022644906069160253
204,16.195665168762208,17.3591365814209,18.673408126831056,19.873565101623534,17.401829817332327,0.9751897346464065,0.05603949382812097,1.1529880330477478,0.0022669884490589265
205,16.19986228942871,17.356486320495605,18.674661064147948,19.868902072906494,17.404472722671926,0.9704799006088703,0.05576037355872754,1.1527666550804063,0.002210278142522615
206,16.19121608734131,17.344841957092285,18.654170036315918,19.846189651489258,17.404859913047403,0.9705851050897767,0.055765177653753245,1.1521166746023608,0.0022310880815350487
207,16.197064781188963,17.349575996398926,18.647335243225097,19.832902755737305,17.40297443093732,0.9672957639757637,0.055582209111116034,1.1512786727186424,0.0022148566276640747
208,16.18559284210205,17.359164237976074,18.654599952697755,19.806519088745116,17.400210346560925,0.9622368332146807,0.05530029890729812,1.1525435079630393,0.002219504250245752
209,16.181757736206055,17.353169441223145,18.664492797851562,19.752287254333496,17.39824509434402,0.9627707610418649,0.0553372340613164,1.153428020745267,0.00222897087011642
210,16.191223335266113,17.35125732421875,18.66760196685791,19.762241172790528,17.39706108579412,0.9604788858461656,0.05520926098434302,1.1529457398193004,0.002194456406470202
211,16.196682929992676,17.352996826171875,18.652560234069824,19.762335510253905,17.39552011108026,0.9569696866112459,0.055012421617775836,1.151628411489701,0.002190294796792669
212,16.1967716217041,17.34639263153076,18.650635147094725,19.797612380981445,17.395549800246954,0.9557548939255932,0.05494249419538467,1.1515032490859094,0.0021397978360024883
213,16.209455299377442,17.345861434936523,18.66388759613037,19.767728366851806,17.393071739003062,0.9520188274893305,0.054735520083808865,1.1514197887233875,0.0021951427531790024
214,16.213018798828124,17.339064598083496,18.671964263916017,19.760107173919675,17.391409025061876,0.9512465301938747,0.054696346272063504,1.1516648747280565,0.002150859213010836
215,16.224743461608888,17.338059425354004,18.652185440063477,19.69460823059082,17.387762534432113,0.9477812074065949,0.05450852031880188,1.149613581515074,0.0021721372679566198
216,16.23021717071533,17.33743381500244,18.628746032714844,19.700271205902098,17.386288593988866,0.9447814968744241,0.05434060821934549,1.1477816862689458,0.0021322377714274587
217,16.232903671264648,17.336483001708984,18.631097412109376,19.749742107391356,17.387871564365923,0.9419696572281948,0.05417394841808203,1.1477365842495568,0.0021067076626486436
218,16.22190341949463,17.33558940887451,18.631176376342772,19.76737850189209,17.386323352809995,0.9385333171630209,0.05398112632084081,1.1485197448502131,0.0021270322476585335
219,16.23481731414795,17.334089279174805,18.62869338989258,19.76425302505493,17.387074421159923,0.9376535459536535,0.053928195350250355,1.1474532191784177,0.002106105524758206
220,16.229737854003908,17.33529567718506,18.6176549911499,19.745521087646484,17.38652407284826,0.9360875292515692,0.05383983166097094,1.1471322062393565,0.00208454414129422
221,16.236284828186037,17.345842361450195,18.634397315979005,19.69747699737549,17.387277973350137,0.9326006859521465,0.05363695728460568,1.1477008141437546,0.002058066869661035
222,16.253273010253906,17.35098171234131,18.62253608703613,19.70183174133301,17.388233905658126,0.9287354618656949,0.053411718918934294,1.1457714440216134,0.002105833678877289
223,16.244182777404784,17.349495887756348,18.608509063720703,19.726285762786866,17.38794354815036,0.9268806312605683,0.05330593745567831,1.145549106330214,0.002070982171697988
224,16.25096206665039,17.342488288879395,18.61692123413086,19.693990955352785,17.3870433694683,0.9243584214310078,0.05316363465534248,1.1455888677714534,0.002059399529265482
225,16.24374313354492,17.345051765441895,18.599962615966795,19.70616653442383,17.384847507812083,0.9199807435190268,0.0529185397286702,1.1450539732776277,0.002067326897141619
226,16.24909439086914,17.3389310836792,18.613978004455568,19.706077423095703,17.38404889171943,0.9196378663892084,0.05290124712127684,1.1455394101787808,0.002049470198451475
227,16.23634777069092,17.343209266662598,18.620503234863282,19.661394519805906,17.382071448490024,0.9184768036784735,0.052840468778435574,1.1468406256039998,0.002039327443693617
228,16.23221035003662,17.341126441955566,18.619731903076172,19.690010738372802,17.38185747200623,0.9185426459682876,0.05284490725157629,1.1470854246928956,0.0020290978481400934
229,16.221770095825196,17.34943675994873,18.621006584167482,19.68704641342163,17.379906467162073,0.9174355703268026,0.052787140831869424,1.1479022618474755,0.001999114976802163
230,16.22756748199463,17.336251258850098,18.60184726715088,19.64448823928833,17.37973410077393,0.9151708529335914,0.05265735641449418,1.1463115028047577,0.0020104173616546372
231,16.229958534240723,17.339092254638672,18.582559967041014,19.58550090789795,17.37828509043902,0.9135441090760907,0.05256813916458843,1.1449542479013088,0.002011977730908443
232,16.22822093963623,17.33271026611328,18.587176895141603,19.563738327026368,17.37704916903749,0.9112478042942596,0.052439732167986565,1.1453613408567662,0.001937704546796537
233,16.222404289245606,17.341837882995605,18.588920211791994,19.573035030364988,17.377618870697916,0.9104621256893535,0.05239280090464936,1.1458794812625421,0.001984900764376407
234,16.22578067779541,17.348390579223633,18.58729362487793,19.569184093475343,17.377007148228586,0.9088939751557064,0.0523044024441435,1.1455407905466264,0.0019797595220756303
235,16.238538360595705,17.3328914642334,18.584936332702636,19.59436782836914,17.375263756606728,0.9075874323511931,0.05223445497373208,1.1444956387085108,0.0019832622959270463
236,16.23772144317627,17.325907707214355,18.58471260070801,19.59065013885498,17.376158714294434,0.9074885570984658,0.05222607435968708,1.1445394395848587,0.0019679767510056845
237,16.225768661499025,17.336194038391113,18.568898391723632,19.569617042541502,17.375191015191376,0.9040760375459193,0.05203258121050138,1.144407934015752,0.001993336368777854
238,16.226321411132812,17.342230796813965,18.571877670288085,19.557480297088624,17.374893014784902,0.9011883789247651,0.051867276429150524,1.1445525575221256,0.0019355206443651962
239,16.242027854919435,17.348615646362305,18.572064208984376,19.534646282196043,17.37221124675125,0.8950565264279737,0.051522314212898886,1.1434572317494955,0.001954767302237981
240,16.244033813476562,17.348453521728516,18.562315368652342,19.48130142211914,17.37081237602979,0.8935402334063348,0.05143917360130736,1.1427158784447038,0.0019240823781740968
241,16.248831748962402,17.334689140319824,18.547027015686034,19.49552375793457,17.371744887903333,0.8926378264879331,0.0513844655357283,1.1414375693114298,0.0019473907854492545
242,16.245859718322755,17.34009552001953,18.553388023376463,19.466005916595456,17.37014905316755,0.8892198654289867,0.05119241422207785,1.1420379312060156,0.0018989754085116939
243,16.2396448135376,17.33271312713623,18.53586616516113,19.470964488983153,17.368865503929555,0.8871188764830538,0.05107523437741807,1.141396032855926,0.00193186612713947
244,16.241895294189455,17.336249351501465,18.540577507019044,19.40762996673584,17.367136407643557,0.8865450740454033,0.05104727994508182,1.1415279541699757,0.001923926339022053
245,16.24544506072998,17.334586143493652,18.549353218078615,19.401457538604735,17.36756435735151,0.8845581268253275,0.0509316164676196,1.1418187158761108,0.0018967091657082769
246,16.23520622253418,17.33786678314209,18.54601917266846,19.42420557022095,17.3683701637201,0.8822301447736755,0.0507952177698585,1.1423334522802002,0.0018869839391271181
247,16.238483238220216,17.323827743530273,18.537491226196288,19.418293781280518,17.368114023003727,0.8801283428457172,0.05067495190784701,1.141577754168871,0.0019016296396170418
248,16.233876037597657,17.329020500183105,18.545216751098632,19.428026428222655,17.368679498322308,0.8797693742253603,0.05065263449131754,1.1423776249213626,0.0019053018815167189
249,16.241539573669435,17.31920623779297,18.519539833068848,19.410476322174073,17.365097881760448,0.8751614796043302,0.050397727992282856,1.1402576553205876,0.0019337489732966784
250,16.259231948852538,17.32292366027832,18.51259365081787,19.387831745147704,17.36580968881026,0.8739307600691049,0.050324791975131816,1.138589676871198,0.0018972020436327508
