train_loss,clip_fraction,gradient_norm_mean,gradient_norm_p50,gradient_norm_p90,gradient_norm_max,step,step_seconds,noise_marginal_std_sum,innovation_std_sum
0.7131297607421875,1.0,77.0482406616211,77.17427825927734,92.6790771484375,167.72047424316406,1,2.925112321972847,89.45594654181974,89.45594654181974
0.6976414794921875,1.0,65.61056518554688,63.796661376953125,77.45358276367188,119.63848876953125,2,0.13133112899959087,100.3867054048373,89.45594654181974
0.6878409423828125,1.0,65.26786804199219,64.01548767089844,76.49952697753906,103.14289855957031,3,0.25658394023776054,100.62441503509514,89.45594654181974
0.6770577392578125,1.0,63.76512908935547,63.20515823364258,79.98023223876953,113.07901000976562,4,0.1288391277194023,104.48024930200852,89.45594654181974
0.6928709716796875,1.0,62.363502502441406,60.9010124206543,82.91810607910156,111.24762725830078,5,0.12768999114632607,104.48024930200852,89.45594654181974
0.6908148193359375,0.982,61.11817169189453,52.662235260009766,88.4602279663086,114.03656005859375,6,0.12772605754435062,104.48024930200852,89.45594654181974
0.7288475341796875,0.884,61.75718688964844,49.118194580078125,92.63385009765625,123.3228988647461,7,0.12781663425266743,104.48024930200852,89.45594654181974
0.7396762084960937,0.716,61.63101577758789,45.123844146728516,99.39938354492188,126.5136489868164,8,0.12773003987967968,104.48024930200852,89.45594654181974
0.75601171875,0.587,61.358558654785156,40.07368087768555,103.46479797363281,138.68101501464844,9,0.12881254963576794,104.48024930200852,89.45594654181974
0.801387451171875,0.541,63.13913345336914,37.8575553894043,109.05455780029297,136.74012756347656,10,0.1274938303977251,104.48024930200852,89.45594654181974
0.8034605712890625,0.484,62.15549087524414,34.20160675048828,114.02315521240234,156.08197021484375,11,0.12803803384304047,104.48024930200852,89.45594654181974
0.857022216796875,0.491,65.30171203613281,34.92683029174805,118.70828247070312,144.92225646972656,12,0.12742929905653,104.48024930200852,89.45594654181974
0.8569595947265625,0.474,65.07920837402344,32.9066276550293,121.84797668457031,188.859130859375,13,0.1273139752447605,104.48024930200852,89.45594654181974
0.7947529296875,0.425,61.93058776855469,30.21344566345215,124.00035095214844,157.4613494873047,14,0.3576978612691164,104.48024930200852,89.45594654181974
0.8706952514648437,0.476,67.4103012084961,33.2037239074707,126.61726379394531,161.9218292236328,15,0.1282228771597147,104.48024930200852,89.45594654181974
0.8631778564453125,0.47,67.6526107788086,32.443172454833984,128.70916748046875,160.45166015625,16,0.12782617658376694,104.48024930200852,89.45594654181974
0.8665999755859375,0.485,69.23561096191406,34.508628845214844,130.44247436523438,158.47879028320312,17,0.12830323912203312,104.48024930200852,89.45594654181974
0.8092323608398437,0.469,66.38166046142578,33.323246002197266,128.1989288330078,182.165771484375,18,0.12823901697993279,104.48024930200852,89.45594654181974
0.8550049438476562,0.526,72.2651138305664,38.12444305419922,131.99954223632812,181.074951171875,19,0.1278324630111456,104.48024930200852,89.45594654181974
0.82086962890625,0.54,71.3126449584961,38.357521057128906,133.42015075683594,185.75396728515625,20,0.12778159603476524,104.48024930200852,89.45594654181974
0.859927978515625,0.606,75.61836242675781,44.94767761230469,133.86244201660156,184.41989135742188,21,0.1289612501859665,104.48024930200852,89.45594654181974
0.76612109375,0.613,71.28939056396484,40.48491668701172,133.34164428710938,173.75009155273438,22,0.1288619041442871,104.48024930200852,89.45594654181974
0.769405517578125,0.67,72.90753173828125,43.964637756347656,132.97360229492188,202.80804443359375,23,0.1289925705641508,104.48024930200852,89.45594654181974
0.7220196533203125,0.66,71.35791778564453,42.60089874267578,137.22329711914062,180.424072265625,24,0.12852495349943638,104.48024930200852,89.45594654181974
0.7760625610351563,0.69,74.6571273803711,44.644187927246094,137.9625244140625,203.02963256835938,25,0.12755826488137245,104.48024930200852,89.45594654181974
0.78705810546875,0.663,76.9124755859375,45.65232849121094,142.8211212158203,208.1953887939453,26,0.12868961319327354,104.48024930200852,89.45594654181974
0.839703369140625,0.69,82.18148040771484,48.372589111328125,148.71827697753906,198.94744873046875,27,0.12778929620981216,104.48024930200852,89.45594654181974
0.81237060546875,0.648,80.18415832519531,45.44404220581055,151.82077026367188,201.61912536621094,28,0.12770275957882404,104.48024930200852,89.45594654181974
0.857386962890625,0.692,85.81460571289062,49.108642578125,158.7838592529297,229.56495666503906,29,0.1284150630235672,104.48024930200852,89.45594654181974
0.84740478515625,0.652,85.89191436767578,47.80772018432617,165.6424102783203,220.9127960205078,30,0.1278853341937065,104.48024930200852,89.45594654181974
0.8429191284179688,0.66,88.16265869140625,48.35517883300781,171.59271240234375,230.5206298828125,31,0.12805362790822983,104.48024930200852,89.45594654181974
0.87049169921875,0.687,91.0411376953125,51.574195861816406,175.7589111328125,240.02920532226562,32,0.1281701661646366,104.48024930200852,89.45594654181974
0.8310821533203125,0.675,89.0804443359375,48.68156433105469,177.63233947753906,284.9024963378906,33,0.12777295149862766,104.48024930200852,89.45594654181974
0.8633226928710938,0.699,94.84530639648438,52.86505889892578,187.89642333984375,283.26995849609375,34,0.1282372698187828,104.48024930200852,89.45594654181974
0.8285411376953125,0.688,93.62632751464844,50.173744201660156,189.99977111816406,255.9259796142578,35,0.12802725285291672,104.48024930200852,89.45594654181974
0.8726015014648437,0.715,99.77971649169922,55.021602630615234,196.29556274414062,257.7792663574219,36,0.1292364839464426,104.48024930200852,89.45594654181974
0.865423828125,0.676,100.72322082519531,54.49809646606445,204.9566192626953,285.0959167480469,37,0.128910256549716,104.48024930200852,89.45594654181974
0.85960595703125,0.7,101.38926696777344,55.05516052246094,206.7119140625,289.1507263183594,38,0.1280977763235569,104.48024930200852,89.45594654181974
0.81610498046875,0.697,101.29588317871094,54.13641357421875,213.57936096191406,286.9346923828125,39,0.12804222106933594,104.48024930200852,89.45594654181974
0.8367208862304687,0.718,105.81106567382812,58.40448760986328,222.7800750732422,303.92059326171875,40,0.12816563434898853,104.48024930200852,89.45594654181974
0.8465299682617188,0.726,109.55805969238281,55.22025680541992,231.11976623535156,342.93988037109375,41,0.1278302650898695,104.48024930200852,89.45594654181974
0.9132238159179688,0.721,118.1069107055664,66.93380737304688,238.9036407470703,331.1266784667969,42,0.12784877233207226,104.48024930200852,89.45594654181974
0.8363475341796875,0.708,113.0750503540039,60.22914123535156,238.0554656982422,415.1430969238281,43,0.12781606055796146,104.48024930200852,89.45594654181974
0.8373975830078125,0.718,115.96853637695312,62.9869384765625,250.91477966308594,342.1830749511719,44,0.1283675581216812,104.48024930200852,89.45594654181974
0.873006591796875,0.715,123.4205093383789,72.52410888671875,252.47476196289062,380.74481201171875,45,0.12793223187327385,104.48024930200852,89.45594654181974
0.8778565063476562,0.755,127.51866149902344,72.63231658935547,266.799072265625,377.685791015625,46,0.12760892882943153,104.48024930200852,89.45594654181974
0.8454325561523437,0.767,126.71497344970703,72.6780014038086,268.46630859375,376.6260681152344,47,0.12794975563883781,104.48024930200852,89.45594654181974
0.792478759765625,0.776,124.52542877197266,68.41332244873047,274.4902648925781,418.1414489746094,48,0.12752670794725418,104.48024930200852,89.45594654181974
0.7937466430664063,0.734,125.3746337890625,72.48267364501953,278.4418029785156,437.3841552734375,49,0.12782658636569977,104.48024930200852,89.45594654181974
0.8792073974609375,0.763,140.6019744873047,82.45886993408203,300.337890625,432.8458557128906,50,0.12788700312376022,104.48024930200852,89.45594654181974
0.855562255859375,0.738,139.07054138183594,82.85726165771484,302.06072998046875,431.3055114746094,51,0.12777695804834366,104.48024930200852,89.45594654181974
0.7849642333984375,0.752,135.21286010742188,78.1080322265625,304.4162292480469,450.7150573730469,52,0.12874568440020084,104.48024930200852,89.45594654181974
0.8457046508789062,0.752,141.17471313476562,84.87606048583984,315.177978515625,457.16253662109375,53,0.13179638236761093,104.48024930200852,89.45594654181974
0.865984130859375,0.749,149.214599609375,91.05424499511719,321.518798828125,454.07171630859375,54,0.12806385196745396,104.48024930200852,89.45594654181974
0.8592442626953125,0.74,148.90284729003906,88.35456085205078,340.83062744140625,561.6668090820312,55,0.1280196327716112,104.48024930200852,89.45594654181974
0.8444267578125,0.758,153.62969970703125,93.01929473876953,334.6236572265625,521.7932739257812,56,0.12807701714336872,104.48024930200852,89.45594654181974
0.8273037719726563,0.761,153.1558380126953,97.48306274414062,345.4630432128906,484.54168701171875,57,0.1289854757487774,104.48024930200852,89.45594654181974
0.8231259765625,0.731,155.75308227539062,94.67996215820312,357.5749206542969,503.3724670410156,58,0.13764884136617184,104.48024930200852,89.45594654181974
0.836111572265625,0.732,157.27957153320312,96.1440200805664,361.2127380371094,517.8047485351562,59,0.1276908814907074,104.48024930200852,89.45594654181974
0.8415182495117187,0.749,160.79132080078125,101.43482971191406,363.72119140625,605.4400024414062,60,0.1279605533927679,104.48024930200852,89.45594654181974
0.784172607421875,0.72,156.6477813720703,93.26253509521484,371.89825439453125,656.013671875,61,0.12768436968326569,104.48024930200852,89.45594654181974
0.8880496826171875,0.737,174.29150390625,119.07935333251953,399.13372802734375,621.33203125,62,0.12792800180613995,104.48024930200852,89.45594654181974
0.8641409912109375,0.7,173.1980743408203,103.72798919677734,411.6674499511719,603.2966918945312,63,0.12808942794799805,104.48024930200852,89.45594654181974
0.8836217041015625,0.733,184.0851593017578,132.3209686279297,415.7695007324219,614.7425537109375,64,0.13017358630895615,104.48024930200852,89.45594654181974
0.824595947265625,0.738,173.57125854492188,111.72225189208984,395.724853515625,614.1259155273438,65,0.12917876988649368,104.48024930200852,89.45594654181974
0.7612742919921875,0.736,173.36343383789062,112.24917602539062,417.01812744140625,756.14501953125,66,0.12914368510246277,104.48024930200852,89.45594654181974
0.7887119140625,0.789,182.43087768554688,141.68704223632812,408.40826416015625,705.2764892578125,67,0.12834756448864937,104.48024930200852,89.45594654181974
0.7525701904296875,0.769,180.30918884277344,137.0252685546875,407.4273681640625,659.7041015625,68,0.12795841693878174,104.48024930200852,89.45594654181974
0.7687584228515625,0.802,186.2139129638672,143.67124938964844,411.9830627441406,711.4429321289062,69,0.1281031370162964,104.48024930200852,89.45594654181974
0.7375611572265625,0.827,184.75514221191406,148.30665588378906,407.61712646484375,676.1465454101562,70,0.12780710868537426,104.48024930200852,89.45594654181974
0.697601318359375,0.817,179.57569885253906,147.18299865722656,398.36151123046875,668.2319946289062,71,0.12783344462513924,104.48024930200852,89.45594654181974
0.7109700927734375,0.823,188.1072235107422,156.72862243652344,413.67071533203125,788.3052978515625,72,0.12844024412333965,104.48024930200852,89.45594654181974
0.6459796752929687,0.833,183.1667022705078,153.370849609375,399.3862609863281,741.7174072265625,73,0.12877755425870419,104.48024930200852,89.45594654181974
0.7159539794921875,0.862,201.13656616210938,166.16343688964844,442.8260803222656,800.1821899414062,74,0.12828226201236248,104.48024930200852,89.45594654181974
0.676947509765625,0.861,197.31787109375,167.73960876464844,432.222900390625,754.9217529296875,75,0.127864645794034,104.48024930200852,89.45594654181974
0.623393798828125,0.829,194.69357299804688,172.85813903808594,431.7301940917969,796.1524658203125,76,0.1280319169163704,104.48024930200852,89.45594654181974
0.6728263549804687,0.834,203.23216247558594,172.52108764648438,448.0501708984375,1036.5267333984375,77,0.1280180998146534,104.48024930200852,89.45594654181974
0.6829146728515625,0.822,210.85888671875,178.33116149902344,472.6810607910156,852.2680053710938,78,0.12798672914505005,104.48024930200852,89.45594654181974
0.6826563110351562,0.791,211.45494079589844,179.51104736328125,476.8306884765625,777.91015625,79,0.1279332060366869,104.48024930200852,89.45594654181974
0.6640587158203125,0.773,215.77554321289062,167.04708862304688,504.8046569824219,875.50341796875,80,0.12835529260337353,104.48024930200852,89.45594654181974
0.71005615234375,0.79,233.3103485107422,190.46266174316406,529.2682495117188,850.4733276367188,81,0.12863261625170708,104.48024930200852,89.45594654181974
0.725537353515625,0.778,238.12057495117188,203.7644805908203,539.7013549804688,937.3189086914062,82,0.1280498392879963,104.48024930200852,89.45594654181974
0.7920101928710938,0.786,247.4413604736328,213.9866943359375,562.0811157226562,946.4540405273438,83,0.12796535156667233,104.48024930200852,89.45594654181974
0.6521947021484376,0.759,231.1676788330078,176.4813232421875,550.5110473632812,1029.638427734375,84,0.12820536457002163,104.48024930200852,89.45594654181974
0.6751714477539063,0.798,246.63807678222656,207.19473266601562,565.879638671875,886.1049194335938,85,0.13088257610797882,104.48024930200852,89.45594654181974
0.6399576416015625,0.769,238.36968994140625,181.13380432128906,561.3694458007812,993.6795043945312,86,0.1289339978247881,104.48024930200852,89.45594654181974
0.7091340942382812,0.801,260.181396484375,214.14190673828125,569.7680053710938,978.4478149414062,87,0.12800631113350391,104.48024930200852,89.45594654181974
0.6748428955078125,0.772,253.2116241455078,193.26724243164062,587.400390625,937.3452758789062,88,0.1300149392336607,104.48024930200852,89.45594654181974
0.7088936767578125,0.791,273.1180725097656,220.312744140625,614.5755004882812,1082.5570068359375,89,0.12886514142155647,104.48024930200852,89.45594654181974
0.682163330078125,0.758,265.8208312988281,207.0511016845703,634.2108764648438,1016.8211059570312,90,0.1280395556241274,104.48024930200852,89.45594654181974
0.6564364624023438,0.793,277.4302673339844,210.24716186523438,634.1569213867188,1170.9761962890625,91,0.12824408896267414,104.48024930200852,89.45594654181974
0.652495849609375,0.779,261.3359069824219,198.2526092529297,599.4456176757812,1261.0391845703125,92,0.12830601260066032,104.48024930200852,89.45594654181974
0.6420264892578125,0.792,265.767822265625,203.1638641357422,617.41357421875,1121.9412841796875,93,0.1288338489830494,104.48024930200852,89.45594654181974
0.670220947265625,0.787,266.794189453125,191.76695251464844,602.8939208984375,1054.646728515625,94,0.13042179867625237,104.48024930200852,89.45594654181974
0.6995403442382813,0.827,287.52313232421875,229.62179565429688,641.6057739257812,1185.2705078125,95,0.1286673303693533,104.48024930200852,89.45594654181974
0.651257080078125,0.814,276.18927001953125,204.31796264648438,633.7328491210938,1374.8394775390625,96,0.12978236190974712,104.48024930200852,89.45594654181974
0.6394640502929687,0.794,274.25762939453125,191.19561767578125,634.3497924804688,1101.668701171875,97,0.1292368285357952,104.48024930200852,89.45594654181974
0.641611572265625,0.757,269.8570861816406,175.4124755859375,640.2700805664062,1144.0111083984375,98,0.12793650291860104,104.48024930200852,89.45594654181974
0.6443414916992187,0.763,270.3981018066406,171.0142059326172,663.4814453125,1152.5101318359375,99,0.12954054214060307,104.48024930200852,89.45594654181974
0.640434326171875,0.757,274.0848693847656,178.47711181640625,659.1787719726562,1181.552490234375,100,0.12892881967127323,104.48024930200852,89.45594654181974
0.666421142578125,0.742,290.8775634765625,183.4635467529297,728.9722290039062,1301.159912109375,101,0.1293552666902542,104.48024930200852,89.45594654181974
0.6578231811523437,0.735,300.30108642578125,201.78123474121094,745.1318969726562,1379.5714111328125,102,0.12801066972315311,104.48024930200852,89.45594654181974
0.6598946533203125,0.76,312.0057067871094,196.97705078125,784.8833618164062,1302.2381591796875,103,0.1280671712011099,104.48024930200852,89.45594654181974
0.7224677734375,0.75,321.4015808105469,214.04962158203125,796.9664306640625,1573.1131591796875,104,0.1282800603657961,104.48024930200852,89.45594654181974
0.6616625366210938,0.721,306.8505859375,174.9248504638672,816.8630981445312,1514.14794921875,105,0.12800748273730278,104.48024930200852,89.45594654181974
0.6737066650390625,0.699,306.7944030761719,156.98477172851562,812.75390625,1584.2130126953125,106,0.12802088260650635,104.48024930200852,89.45594654181974
0.6637783203125,0.705,319.5863037109375,156.620361328125,848.3765258789062,1392.88232421875,107,0.1289782728999853,104.48024930200852,89.45594654181974
0.7457772827148438,0.727,340.4781188964844,209.9481964111328,888.194580078125,1693.3896484375,108,0.1295316405594349,104.48024930200852,89.45594654181974
0.6999444580078125,0.72,340.3075866699219,196.4788055419922,867.5629272460938,1639.9466552734375,109,0.12911564856767654,104.48024930200852,89.45594654181974
0.6664195556640625,0.71,347.665283203125,200.8602752685547,897.3579711914062,1799.0147705078125,110,0.12804791145026684,104.48024930200852,89.45594654181974
0.6830390625,0.692,323.24560546875,141.5384063720703,856.4013061523438,1581.025390625,111,0.134354243054986,104.48024930200852,89.45594654181974
0.6922109375,0.699,344.02581787109375,164.16310119628906,937.4092407226562,1566.8902587890625,112,0.1371524315327406,104.48024930200852,89.45594654181974
0.744085205078125,0.682,350.8316955566406,163.2082061767578,952.0703735351562,1606.1212158203125,113,0.13195173628628254,104.48024930200852,89.45594654181974
0.714256103515625,0.683,344.4879455566406,163.30819702148438,928.8840942382812,1813.9918212890625,114,0.12801484018564224,104.48024930200852,89.45594654181974
0.76227685546875,0.702,365.5940856933594,199.547119140625,961.6510009765625,1738.0152587890625,115,0.20876886881887913,104.48024930200852,89.45594654181974
0.7279624633789062,0.672,356.2436218261719,174.66757202148438,969.7195434570312,1670.7811279296875,116,0.14009231887757778,104.48024930200852,89.45594654181974
0.7482637329101562,0.68,357.029541015625,163.06201171875,990.8126220703125,1693.8148193359375,117,0.1721376646310091,104.48024930200852,89.45594654181974
0.714369384765625,0.669,364.0000305175781,156.179931640625,999.9619750976562,1728.0302734375,118,0.2384730726480484,104.48024930200852,89.45594654181974
0.7388661499023438,0.688,384.4669494628906,171.4385223388672,1055.9954833984375,1890.9656982421875,119,0.26541907526552677,104.48024930200852,89.45594654181974
0.68108251953125,0.662,353.8507385253906,126.27610778808594,988.1136474609375,1912.787109375,120,0.26169897243380547,104.48024930200852,89.45594654181974
0.663119873046875,0.636,359.91595458984375,105.84095764160156,1046.39111328125,2143.667724609375,121,0.13160926662385464,104.48024930200852,89.45594654181974
0.7846442260742188,0.661,386.6068115234375,166.8701934814453,1087.1116943359375,1688.3555908203125,122,0.12937130965292454,104.48024930200852,89.45594654181974
0.6455359497070312,0.637,372.6236572265625,109.51708984375,1099.1884765625,2015.16064453125,123,0.1286777202039957,104.48024930200852,89.45594654181974
0.784349609375,0.65,395.13287353515625,145.40406799316406,1136.2684326171875,2017.24267578125,124,0.12784195318818092,104.48024930200852,89.45594654181974
0.6845571899414062,0.63,378.52093505859375,101.65826416015625,1114.525146484375,1953.6468505859375,125,0.12929317355155945,104.48024930200852,89.45594654181974
0.72751025390625,0.649,379.12457275390625,132.23489379882812,1099.4329833984375,2027.142333984375,126,0.128316231071949,104.48024930200852,89.45594654181974
0.673443115234375,0.64,383.70684814453125,128.84494018554688,1128.7174072265625,2475.934814453125,127,0.12805728241801262,104.48024930200852,89.45594654181974
0.7008277587890624,0.628,374.2150573730469,109.95714569091797,1113.8773193359375,2014.6046142578125,128,0.12962258607149124,104.48024930200852,89.45594654181974
0.724228515625,0.633,363.671142578125,109.03185272216797,1095.219970703125,2026.921875,129,0.12905151396989822,104.48024930200852,89.45594654181974
0.6795643310546875,0.631,370.4115905761719,100.58993530273438,1079.9560546875,2164.339599609375,130,0.1276363991200924,104.48024930200852,89.45594654181974
0.721830810546875,0.585,384.66070556640625,82.99407196044922,1167.4580078125,2263.06689453125,131,0.20635690540075302,104.48024930200852,89.45594654181974
0.8237193603515625,0.657,383.4615783691406,118.59574127197266,1132.3673095703125,2134.89404296875,132,0.2631379924714565,104.48024930200852,89.45594654181974
0.7230642700195312,0.631,379.12237548828125,85.11813354492188,1149.88671875,2224.986328125,133,0.28509032540023327,104.48024930200852,89.45594654181974
0.7759288330078125,0.589,384.92156982421875,98.26448822021484,1145.55517578125,2177.1806640625,134,0.26661447808146477,104.48024930200852,89.45594654181974
0.7095982666015626,0.602,367.1024169921875,87.21569061279297,1100.209228515625,2613.081298828125,135,0.2627167087048292,104.48024930200852,89.45594654181974
0.8462908935546875,0.64,427.7090759277344,140.60247802734375,1233.470703125,2247.173828125,136,0.2694116532802582,104.48024930200852,89.45594654181974
0.784432373046875,0.626,418.86492919921875,131.4131622314453,1229.9864501953125,2296.710205078125,137,0.27474676445126534,104.48024930200852,89.45594654181974
0.7392763671875,0.61,404.629638671875,111.9910659790039,1216.685302734375,2140.5712890625,138,0.25980085507035255,104.48024930200852,89.45594654181974
0.7748395385742187,0.61,407.9317626953125,100.5365982055664,1238.7755126953125,2530.017578125,139,0.2662987131625414,104.48024930200852,89.45594654181974
0.7125453491210938,0.616,408.63934326171875,103.92115783691406,1244.9322509765625,2335.4345703125,140,0.2695514690130949,104.48024930200852,89.45594654181974
0.7349122314453125,0.583,389.7045593261719,72.89939880371094,1232.7789306640625,2349.658203125,141,0.1358371302485466,104.48024930200852,89.45594654181974
0.7071905517578125,0.569,387.7025146484375,73.17777252197266,1243.240966796875,2519.393798828125,142,0.23336400277912617,104.48024930200852,89.45594654181974
0.7419601440429687,0.606,432.7614440917969,103.90383911132812,1321.118896484375,2366.659912109375,143,0.2722609732300043,104.48024930200852,89.45594654181974
0.7687353515625,0.586,400.6178894042969,81.50975799560547,1257.5596923828125,2394.322265625,144,0.27350932359695435,104.48024930200852,89.45594654181974
0.74957470703125,0.593,398.5380859375,90.18291473388672,1241.8221435546875,2501.00146484375,145,0.2706646677106619,104.48024930200852,89.45594654181974
0.7576700439453125,0.606,419.5998840332031,90.6318130493164,1314.49365234375,2561.43994140625,146,0.26159425638616085,104.48024930200852,89.45594654181974
0.736826171875,0.577,400.5948181152344,75.00846099853516,1269.6778564453125,2873.00732421875,147,0.16720622591674328,104.48024930200852,89.45594654181974
0.75104736328125,0.588,405.72064208984375,96.18324279785156,1271.10888671875,2471.702392578125,148,0.26476522348821163,104.48024930200852,89.45594654181974
0.8300442504882812,0.597,457.5347595214844,107.490478515625,1398.2586669921875,2536.75146484375,149,0.2691102344542742,104.48024930200852,89.45594654181974
0.736817626953125,0.596,430.9151306152344,85.44099426269531,1331.1754150390625,2899.567138671875,150,0.2696644030511379,104.48024930200852,89.45594654181974
0.7596531982421875,0.59,427.93927001953125,101.7433090209961,1344.91357421875,2624.81103515625,151,0.26964909583330154,104.48024930200852,89.45594654181974
0.742164306640625,0.584,417.8313903808594,91.07547760009766,1321.845458984375,2265.6748046875,152,0.2693899795413017,104.48024930200852,89.45594654181974
0.72960302734375,0.607,446.6847839355469,95.25688934326172,1399.995361328125,2980.884521484375,153,0.27034274488687515,104.48024930200852,89.45594654181974
0.764415283203125,0.564,409.4150695800781,60.996212005615234,1364.9764404296875,2931.197998046875,154,0.2690862100571394,104.48024930200852,89.45594654181974
0.7101256103515625,0.574,411.800048828125,74.677978515625,1335.7896728515625,2922.1875,155,0.26924744062125683,104.48024930200852,89.45594654181974
0.721338134765625,0.557,407.366943359375,65.13446044921875,1342.760986328125,2472.341064453125,156,0.27063287422060966,104.48024930200852,89.45594654181974
0.823225341796875,0.617,444.16339111328125,107.1432113647461,1366.9354248046875,3154.582763671875,157,0.27236079424619675,104.48024930200852,89.45594654181974
0.7632241821289063,0.582,426.4749450683594,85.1255111694336,1325.6585693359375,2327.384521484375,158,0.2694931533187628,104.48024930200852,89.45594654181974
0.7350677490234375,0.557,417.1669921875,62.56285858154297,1331.6949462890625,2709.02197265625,159,0.27047419734299183,104.48024930200852,89.45594654181974
0.7799937133789062,0.553,418.74700927734375,53.03316116333008,1398.3486328125,2321.472900390625,160,0.2730413116514683,104.48024930200852,89.45594654181974
0.7723515014648438,0.543,427.2808532714844,60.28569030761719,1400.0692138671875,2879.175048828125,161,0.2690573036670685,104.48024930200852,89.45594654181974
0.7473609008789063,0.536,401.3182678222656,55.184818267822266,1335.510009765625,2287.103759765625,162,0.2712579108774662,104.48024930200852,89.45594654181974
0.7744990844726563,0.549,439.81964111328125,65.11251831054688,1468.838623046875,2475.040771484375,163,0.27375074103474617,104.48024930200852,89.45594654181974
0.7645723876953125,0.544,435.2272033691406,54.788570404052734,1424.797119140625,2669.904296875,164,0.27024276182055473,104.48024930200852,89.45594654181974
0.76990869140625,0.557,440.4853515625,59.46891784667969,1442.52880859375,2873.466796875,165,0.27372847124934196,104.48024930200852,89.45594654181974
0.831780029296875,0.565,470.120849609375,82.0475845336914,1485.8743896484375,2745.640869140625,166,0.27349101193249226,104.48024930200852,89.45594654181974
0.7427610473632813,0.541,428.29315185546875,57.021915435791016,1412.4217529296875,2582.246826171875,167,0.27378444373607635,104.48024930200852,89.45594654181974
0.7628637084960938,0.524,415.5414733886719,49.17034149169922,1361.06494140625,2603.193603515625,168,0.2732931636273861,104.48024930200852,89.45594654181974
0.6909720458984375,0.533,393.097900390625,45.869075775146484,1388.3441162109375,3278.2060546875,169,0.27512977831065655,104.48024930200852,89.45594654181974
0.8432788696289063,0.575,440.1970520019531,75.05126190185547,1435.7076416015625,2836.6513671875,170,0.27150049805641174,104.48024930200852,89.45594654181974
0.799310302734375,0.569,438.2474365234375,66.86071014404297,1378.3875732421875,3343.572265625,171,0.2729345075786114,104.48024930200852,89.45594654181974
0.7605662231445313,0.544,409.8241271972656,50.50198745727539,1380.6729736328125,2953.09765625,172,0.273503802716732,104.48024930200852,89.45594654181974
0.7713945922851563,0.525,410.09429931640625,46.24007797241211,1435.21728515625,2712.9775390625,173,0.26925901137292385,104.48024930200852,89.45594654181974
0.749731201171875,0.53,426.1492614746094,46.05241394042969,1468.353759765625,3432.763916015625,174,0.2734830603003502,104.48024930200852,89.45594654181974
0.8232882080078125,0.544,453.3854675292969,55.659420013427734,1481.1317138671875,3045.443603515625,175,0.2725140433758497,104.48024930200852,89.45594654181974
0.7949740600585937,0.566,460.809326171875,60.019081115722656,1544.420166015625,2842.036865234375,176,0.2696441113948822,104.48024930200852,89.45594654181974
0.8142843017578125,0.553,437.5183410644531,61.040016174316406,1402.184326171875,3119.098388671875,177,0.27063313126564026,104.48024930200852,89.45594654181974
0.827920654296875,0.562,481.94940185546875,80.09282684326172,1546.29541015625,2766.09033203125,178,0.2724762484431267,104.48024930200852,89.45594654181974
0.7731561279296875,0.537,442.45556640625,54.9691047668457,1463.7298583984375,2899.170654296875,179,0.27011166140437126,104.48024930200852,89.45594654181974
0.7835401611328126,0.542,458.3298034667969,62.54787826538086,1479.86279296875,2797.022216796875,180,0.27411798760294914,104.48024930200852,89.45594654181974
0.8460968017578125,0.544,461.1200256347656,60.22693634033203,1529.320556640625,2997.17919921875,181,0.2752469964325428,104.48024930200852,89.45594654181974
0.768912841796875,0.516,456.0866394042969,46.34280776977539,1526.067138671875,2932.83740234375,182,0.27031030878424644,104.48024930200852,89.45594654181974
0.7381868896484375,0.514,431.8832702636719,41.91082763671875,1485.7762451171875,2546.856201171875,183,0.27450271882116795,104.48024930200852,89.45594654181974
0.8400723876953125,0.539,451.4759521484375,59.058013916015625,1446.838134765625,2597.036376953125,184,0.27523980662226677,104.48024930200852,89.45594654181974
0.7068101806640625,0.53,415.91790771484375,48.47821044921875,1455.9351806640625,2663.031494140625,185,0.27213672548532486,104.48024930200852,89.45594654181974
0.7811705322265625,0.544,426.2491455078125,64.73839569091797,1463.908447265625,2625.239501953125,186,0.27448758482933044,104.48024930200852,89.45594654181974
0.7470152587890625,0.523,440.99139404296875,45.465538024902344,1554.3250732421875,3013.43603515625,187,0.16753125749528408,104.48024930200852,89.45594654181974
0.7724909057617187,0.542,470.70013427734375,64.0995101928711,1528.87451171875,2895.6611328125,188,0.1801610365509987,104.48024930200852,89.45594654181974
0.755392822265625,0.509,432.280029296875,38.88566589355469,1435.3590087890625,2582.1015625,189,0.1814805082976818,104.48024930200852,89.45594654181974
0.7760018920898437,0.522,447.2122802734375,45.95498275756836,1553.8524169921875,2792.3818359375,190,0.18381853215396404,104.48024930200852,89.45594654181974
0.7376729736328125,0.5,437.7994384765625,35.49068832397461,1516.7049560546875,2959.67724609375,191,0.18003658950328827,104.48024930200852,89.45594654181974
0.7363485717773437,0.511,432.669189453125,41.0070915222168,1522.4407958984375,2957.4150390625,192,0.27514238096773624,104.48024930200852,89.45594654181974
0.7881768798828125,0.519,438.01202392578125,42.70528030395508,1481.8721923828125,3098.962890625,193,0.27610035240650177,104.48024930200852,89.45594654181974
0.8413505859375,0.522,458.4368896484375,47.550262451171875,1511.837158203125,3218.491455078125,194,0.2734266147017479,104.48024930200852,89.45594654181974
0.7983612060546875,0.518,463.5874938964844,42.326080322265625,1552.1661376953125,3378.304931640625,195,0.27052977308630943,104.48024930200852,89.45594654181974
0.83439501953125,0.51,436.595458984375,39.577781677246094,1457.3768310546875,2994.746826171875,196,0.2724975310266018,104.48024930200852,89.45594654181974
0.78444189453125,0.52,416.113525390625,45.21306228637695,1469.1993408203125,3313.01953125,197,0.2692030742764473,104.48024930200852,89.45594654181974
0.87327734375,0.54,495.97320556640625,55.18666076660156,1605.46826171875,3528.700439453125,198,0.270826393738389,104.48024930200852,89.45594654181974
0.7804434204101562,0.521,449.4432067871094,46.461822509765625,1544.8126220703125,3171.068115234375,199,0.27206600457429886,104.48024930200852,89.45594654181974
0.7047676391601563,0.527,443.0311584472656,48.04923629760742,1562.996826171875,2849.692626953125,200,0.2714388146996498,104.48024930200852,89.45594654181974
0.800671630859375,0.498,465.2214050292969,35.41964340209961,1604.0462646484375,3042.341552734375,201,0.27403649128973484,104.48024930200852,89.45594654181974
0.754312255859375,0.527,444.2658996582031,45.4766731262207,1544.2735595703125,3169.531982421875,202,0.2729225028306246,104.48024930200852,89.45594654181974
0.796174072265625,0.505,450.0141906738281,37.778079986572266,1517.4217529296875,3565.827392578125,203,0.2719535678625107,104.48024930200852,89.45594654181974
0.750763427734375,0.494,428.9733581542969,33.30419921875,1500.8243408203125,2770.570556640625,204,0.2697682995349169,104.48024930200852,89.45594654181974
0.7583453979492187,0.539,488.74493408203125,58.27592086791992,1641.0726318359375,3146.48095703125,205,0.2709804642945528,104.48024930200852,89.45594654181974
0.732452880859375,0.518,460.6226806640625,44.24415969848633,1670.9864501953125,3212.25244140625,206,0.27372782677412033,104.48024930200852,89.45594654181974
0.8194412231445313,0.494,444.5946350097656,33.39899444580078,1554.6077880859375,3188.59228515625,207,0.26929977908730507,104.48024930200852,89.45594654181974
0.7710330200195312,0.517,420.948974609375,41.837764739990234,1459.973388671875,2917.94189453125,208,0.27125070057809353,104.48024930200852,89.45594654181974
0.7822044677734376,0.517,447.4563293457031,41.57344436645508,1539.314453125,2972.04150390625,209,0.27441006526350975,104.48024930200852,89.45594654181974
0.7794282836914063,0.517,472.18328857421875,45.32294464111328,1622.87744140625,3063.47802734375,210,0.2740480713546276,104.48024930200852,89.45594654181974
0.8934473876953125,0.534,476.86187744140625,54.855194091796875,1673.8177490234375,3246.8564453125,211,0.2730843424797058,104.48024930200852,89.45594654181974
0.7150093994140625,0.525,463.33941650390625,44.18881607055664,1641.3897705078125,3099.55615234375,212,0.2754105105996132,104.48024930200852,89.45594654181974
0.7280297241210938,0.494,441.77838134765625,33.562705993652344,1605.627197265625,3238.869140625,213,0.2710087075829506,104.48024930200852,89.45594654181974
0.7273313598632812,0.503,432.5655212402344,37.34471893310547,1509.38525390625,3543.658203125,214,0.27294553257524967,104.48024930200852,89.45594654181974
0.7262595825195313,0.51,449.49224853515625,38.277801513671875,1561.0389404296875,3578.00439453125,215,0.2757841292768717,104.48024930200852,89.45594654181974
0.7660223388671875,0.498,444.60638427734375,35.10149383544922,1644.6151123046875,3448.388427734375,216,0.26868836581707,104.48024930200852,89.45594654181974
0.698276123046875,0.495,467.0871276855469,33.80670928955078,1653.9114990234375,3034.96923828125,217,0.2725472189486027,104.48024930200852,89.45594654181974
0.7140698852539062,0.48,412.12542724609375,30.434663772583008,1499.56494140625,3353.871337890625,218,0.27451239712536335,104.48024930200852,89.45594654181974
0.8062803955078125,0.518,459.1397705078125,45.9392204284668,1595.742919921875,3016.894775390625,219,0.2731763646006584,104.48024930200852,89.45594654181974
0.7802548828125,0.497,463.1363525390625,33.62605285644531,1588.5047607421875,3628.095703125,220,0.27189177460968494,104.48024930200852,89.45594654181974
0.7451063842773438,0.498,445.0294494628906,34.7704963684082,1554.10791015625,3025.854248046875,221,0.2749854438006878,104.48024930200852,89.45594654181974
0.7765499267578125,0.492,437.0547180175781,30.480525970458984,1575.4044189453125,3377.869140625,222,0.27149187587201595,104.48024930200852,89.45594654181974
0.7812675170898438,0.48,415.87799072265625,27.075637817382812,1542.670166015625,3048.3671875,223,0.27569684013724327,104.48024930200852,89.45594654181974
0.7247396240234375,0.487,394.72283935546875,29.183015823364258,1498.854736328125,2981.026611328125,224,0.2780950292944908,104.48024930200852,89.45594654181974
0.765880859375,0.492,418.92877197265625,29.87343978881836,1494.1634521484375,3250.874755859375,225,0.2732953391969204,104.48024930200852,89.45594654181974
0.7199373779296875,0.494,455.1530456542969,33.002540588378906,1585.4932861328125,3512.951171875,226,0.2748996131122112,104.48024930200852,89.45594654181974
0.7543375244140625,0.471,449.3279113769531,27.44676971435547,1620.344970703125,3604.304443359375,227,0.2742031030356884,104.48024930200852,89.45594654181974
0.7845752563476562,0.497,456.3145751953125,34.75703811645508,1605.1705322265625,3983.87353515625,228,0.27029171399772167,104.48024930200852,89.45594654181974
0.8080184936523438,0.481,431.29510498046875,27.986652374267578,1539.0198974609375,3485.27978515625,229,0.2713394146412611,104.48024930200852,89.45594654181974
0.72029150390625,0.463,425.3050231933594,23.46846580505371,1605.350341796875,3484.30322265625,230,0.273789968341589,104.48024930200852,89.45594654181974
0.6913508911132813,0.464,404.3641357421875,25.549230575561523,1493.4793701171875,3572.585693359375,231,0.26996782794594765,104.48024930200852,89.45594654181974
0.8521253662109375,0.511,449.4057922363281,39.5712776184082,1630.8612060546875,4035.482177734375,232,0.27159447968006134,104.48024930200852,89.45594654181974
0.835386962890625,0.506,466.2662048339844,39.63075637817383,1585.7059326171875,3120.094970703125,233,0.27417428605258465,104.48024930200852,89.45594654181974
0.723750244140625,0.491,418.2691650390625,31.668073654174805,1554.21337890625,3978.318603515625,234,0.2692539319396019,104.48024930200852,89.45594654181974
0.729564453125,0.458,437.1539611816406,23.544727325439453,1666.4222412109375,3621.524658203125,235,0.27526322565972805,104.48024930200852,89.45594654181974
0.71874267578125,0.468,428.66632080078125,24.384767532348633,1610.93408203125,3710.276611328125,236,0.2774667087942362,104.48024930200852,89.45594654181974
0.8021461181640624,0.481,426.3882751464844,28.364091873168945,1569.7054443359375,3012.0771484375,237,0.2712597269564867,104.48024930200852,89.45594654181974
0.7674887084960937,0.475,431.7081604003906,26.307100296020508,1555.353759765625,3008.7021484375,238,0.2718451526015997,104.48024930200852,89.45594654181974
0.7777978515625,0.499,460.13616943359375,35.40336227416992,1614.3192138671875,4624.85888671875,239,0.27363698929548264,104.48024930200852,89.45594654181974
0.828572509765625,0.511,473.6996154785156,40.645076751708984,1676.95458984375,3312.4033203125,240,0.2705898527055979,104.48024930200852,89.45594654181974
0.8263885498046875,0.486,456.0642395019531,28.7738094329834,1636.736083984375,3010.875,241,0.2722251247614622,104.48024930200852,89.45594654181974
0.7613349609375,0.5,463.0820007324219,35.45100784301758,1682.131591796875,3876.89306640625,242,0.27362226508557796,104.48024930200852,89.45594654181974
0.8384927368164062,0.49,468.968017578125,29.649002075195312,1664.8092041015625,3740.602294921875,243,0.269855510443449,104.48024930200852,89.45594654181974
0.7497593994140626,0.477,451.356689453125,26.490266799926758,1658.26220703125,3611.3427734375,244,0.2740548513829708,104.48024930200852,89.45594654181974
0.7563223876953125,0.481,429.1631164550781,28.102476119995117,1545.8072509765625,3242.315185546875,245,0.275632930919528,104.48024930200852,89.45594654181974
0.782272216796875,0.481,443.3169250488281,29.592472076416016,1600.0953369140625,3483.42822265625,246,0.27223892137408257,104.48024930200852,89.45594654181974
0.7266178588867187,0.488,460.484619140625,31.287466049194336,1675.709228515625,3396.451171875,247,0.27581646107137203,104.48024930200852,89.45594654181974
0.80083251953125,0.484,461.3360900878906,27.933202743530273,1619.6722412109375,3364.061279296875,248,0.2756943106651306,104.48024930200852,89.45594654181974
0.7425742797851562,0.469,459.2663269042969,24.58981704711914,1659.8536376953125,3759.8359375,249,0.272681413218379,104.48024930200852,89.45594654181974
0.7701993408203125,0.464,477.9150390625,24.045011520385742,1780.69140625,3346.3447265625,250,0.1681639738380909,104.48024930200852,89.45594654181974
0.7543744506835938,0.476,459.23809814453125,26.372116088867188,1731.215087890625,3335.528076171875,251,0.18079734034836292,104.48024930200852,89.45594654181974
0.791421875,0.48,465.6806335449219,26.056568145751953,1670.486083984375,3522.138427734375,252,0.17944535985589027,104.48024930200852,89.45594654181974
0.72418359375,0.457,413.427978515625,21.49217987060547,1539.7130126953125,3115.852294921875,253,0.18541381135582924,104.48024930200852,89.45594654181974
0.7749421997070313,0.478,452.1432800292969,24.242605209350586,1610.7547607421875,4088.137939453125,254,0.17677289433777332,104.48024930200852,89.45594654181974
0.7442772216796875,0.462,420.64923095703125,21.649267196655273,1598.979248046875,3484.446533203125,255,0.2767654489725828,104.48024930200852,89.45594654181974
0.8468758544921875,0.487,465.1224060058594,30.677045822143555,1658.3802490234375,4098.7939453125,256,0.2756462022662163,104.48024930200852,89.45594654181974
0.7912786865234375,0.471,461.5295715332031,24.959774017333984,1565.1278076171875,3436.188232421875,257,0.2770921364426613,104.48024930200852,89.45594654181974
0.7770979614257812,0.459,426.0967712402344,21.357921600341797,1557.7879638671875,3675.771240234375,258,0.2740057334303856,104.48024930200852,89.45594654181974
0.7567431030273437,0.473,416.6501770019531,25.143354415893555,1509.52001953125,3243.57568359375,259,0.27437081187963486,104.48024930200852,89.45594654181974
0.8359920654296875,0.48,444.2052001953125,27.53937530517578,1615.8978271484375,4629.736328125,260,0.273634085431695,104.48024930200852,89.45594654181974
0.8222886962890625,0.49,447.69964599609375,29.817689895629883,1628.0341796875,2978.18994140625,261,0.2754962984472513,104.48024930200852,89.45594654181974
0.7409490966796874,0.48,458.0603942871094,28.35590171813965,1602.3721923828125,3198.32666015625,262,0.2738570161163807,104.48024930200852,89.45594654181974
0.79416064453125,0.476,445.0108947753906,27.624874114990234,1581.7490234375,3517.8720703125,263,0.27298284508287907,104.48024930200852,89.45594654181974
0.7415478515625,0.479,449.40997314453125,26.739017486572266,1606.0928955078125,3323.0634765625,264,0.2752780206501484,104.48024930200852,89.45594654181974
0.7759707641601562,0.46,434.24658203125,19.492673873901367,1566.955322265625,3256.147216796875,265,0.27404107339680195,104.48024930200852,89.45594654181974
0.7263370971679688,0.455,430.0990905761719,20.007715225219727,1630.8551025390625,3654.090576171875,266,0.27760813385248184,104.48024930200852,89.45594654181974
0.7364351196289063,0.488,456.3156433105469,31.883174896240234,1686.48193359375,3502.222412109375,267,0.2763476464897394,104.48024930200852,89.45594654181974
0.761803466796875,0.459,439.99951171875,22.846019744873047,1647.2752685546875,3231.233642578125,268,0.2738666292279959,104.48024930200852,89.45594654181974
0.7944456787109375,0.474,443.8495788574219,25.18661880493164,1655.8399658203125,3895.031005859375,269,0.27318822406232357,104.48024930200852,89.45594654181974
0.6967843627929687,0.475,435.0424499511719,27.317584991455078,1620.91650390625,3140.09375,270,0.27527893893420696,104.48024930200852,89.45594654181974
0.7274552001953125,0.461,430.82147216796875,25.56976318359375,1603.1749267578125,3354.077880859375,271,0.2731585204601288,104.48024930200852,89.45594654181974
0.7514046020507813,0.481,480.8720397949219,26.209617614746094,1762.57275390625,3186.093505859375,272,0.277172464877367,104.48024930200852,89.45594654181974
0.8428765869140625,0.488,453.5481262207031,31.748409271240234,1685.388916015625,3910.201416015625,273,0.2768222205340862,104.48024930200852,89.45594654181974
0.72502392578125,0.473,456.5717468261719,25.234012603759766,1685.760009765625,3431.06494140625,274,0.27212001010775566,104.48024930200852,89.45594654181974
0.66392333984375,0.454,415.1795959472656,19.6365966796875,1557.0694580078125,3243.2197265625,275,0.27357169799506664,104.48024930200852,89.45594654181974
0.6758790893554687,0.433,409.74847412109375,16.320810317993164,1629.199462890625,3629.7841796875,276,0.27318187803030014,104.48024930200852,89.45594654181974
0.7236165161132813,0.475,430.19427490234375,26.930444717407227,1605.8599853515625,3164.594482421875,277,0.27042377553880215,104.48024930200852,89.45594654181974
0.6696922607421875,0.469,432.18841552734375,24.90475845336914,1694.1055908203125,3373.13818359375,278,0.2776327282190323,104.48024930200852,89.45594654181974
0.7151807250976563,0.463,468.6589050292969,25.76938247680664,1708.0179443359375,3672.04150390625,279,0.27710325457155704,104.48024930200852,89.45594654181974
0.7363531494140625,0.478,430.1513977050781,26.53955841064453,1618.5609130859375,3461.183349609375,280,0.27387428283691406,104.48024930200852,89.45594654181974
0.7825728759765626,0.498,477.8261413574219,35.18351745605469,1695.7733154296875,3143.45556640625,281,0.2779143378138542,104.48024930200852,89.45594654181974
0.7439268798828125,0.456,454.9394226074219,20.916006088256836,1720.9970703125,3799.6826171875,282,0.2762743905186653,104.48024930200852,89.45594654181974
0.7446248779296875,0.463,438.11639404296875,23.042461395263672,1682.9532470703125,4183.78564453125,283,0.27038239501416683,104.48024930200852,89.45594654181974
0.7494857788085938,0.458,473.9090881347656,22.083301544189453,1763.1427001953125,4137.2705078125,284,0.27295823208987713,104.48024930200852,89.45594654181974
0.7601064453125,0.437,444.3211975097656,16.644968032836914,1785.731201171875,3493.35888671875,285,0.2757649291306734,104.48024930200852,89.45594654181974
0.706672119140625,0.448,430.8765869140625,20.179155349731445,1731.7779541015625,3792.321044921875,286,0.27375592663884163,104.48024930200852,89.45594654181974
0.748478759765625,0.467,482.0660705566406,23.69093894958496,1762.663818359375,3837.452392578125,287,0.2755437847226858,104.48024930200852,89.45594654181974
0.7420379638671875,0.453,424.9285888671875,19.630586624145508,1567.5958251953125,3624.399169921875,288,0.2779683917760849,104.48024930200852,89.45594654181974
0.7192264404296875,0.465,475.1758117675781,24.04239273071289,1837.025634765625,3626.58203125,289,0.272599583491683,104.48024930200852,89.45594654181974
0.76642041015625,0.475,479.9274597167969,24.94504737854004,1780.3878173828125,4007.620849609375,290,0.273995790630579,104.48024930200852,89.45594654181974
0.7759537353515625,0.456,416.9890441894531,23.377321243286133,1539.4156494140625,3269.08935546875,291,0.2777444925159216,104.48024930200852,89.45594654181974
0.746935791015625,0.421,430.22283935546875,15.022005081176758,1551.76904296875,4031.189697265625,292,0.27366348169744015,104.48024930200852,89.45594654181974
0.6568561401367188,0.44,436.6779479980469,18.641159057617188,1676.8739013671875,3825.9345703125,293,0.27523898519575596,104.48024930200852,89.45594654181974
0.831762939453125,0.477,474.1804504394531,28.170259475708008,1718.36865234375,3829.519775390625,294,0.2761366702616215,104.48024930200852,89.45594654181974
0.8315027465820313,0.478,489.8842468261719,25.29205322265625,1793.504638671875,3453.7841796875,295,0.2738086599856615,104.48024930200852,89.45594654181974
0.6926359252929688,0.45,426.082275390625,19.05901527404785,1554.57861328125,3830.7802734375,296,0.27650061622262,104.48024930200852,89.45594654181974
0.7084541625976563,0.423,421.7708435058594,15.330558776855469,1665.085205078125,3486.141357421875,297,0.27564216405153275,104.48024930200852,89.45594654181974
0.7137518310546875,0.431,425.93878173828125,15.299783706665039,1599.64599609375,3571.781982421875,298,0.2735583856701851,104.48024930200852,89.45594654181974
0.80519482421875,0.472,459.925048828125,23.940235137939453,1745.5689697265625,3761.26953125,299,0.277670469135046,104.48024930200852,89.45594654181974
0.7852249145507812,0.464,469.3511962890625,17.368581771850586,1787.7646484375,3210.571533203125,300,0.275724308565259,104.48024930200852,89.45594654181974
0.80459912109375,0.464,453.3335266113281,24.43672752380371,1692.43017578125,3443.76708984375,301,0.2787319626659155,104.48024930200852,89.45594654181974
0.8103239135742187,0.457,444.9064025878906,21.527225494384766,1647.6236572265625,3578.966796875,302,0.2771235406398773,104.48024930200852,89.45594654181974
0.7368027954101563,0.465,432.02215576171875,22.736677169799805,1600.0032958984375,3098.802490234375,303,0.2738376632332802,104.48024930200852,89.45594654181974
0.7766378784179687,0.471,447.7062683105469,25.12893295288086,1650.1075439453125,3585.36279296875,304,0.273614127188921,104.48024930200852,89.45594654181974
0.7870501098632813,0.444,420.0645751953125,18.76456642150879,1580.5478515625,3890.850341796875,305,0.2755985613912344,104.48024930200852,89.45594654181974
0.7268916015625,0.451,455.701171875,18.3972110748291,1775.1787109375,3574.70654296875,306,0.2737749144434929,104.48024930200852,89.45594654181974
0.7397564697265625,0.433,421.18902587890625,18.133398056030273,1583.633544921875,4621.52978515625,307,0.2778371684253216,104.48024930200852,89.45594654181974
0.7542545166015625,0.452,422.1304626464844,21.78150177001953,1672.761962890625,3535.779052734375,308,0.2780218031257391,104.48024930200852,89.45594654181974
0.677459716796875,0.431,407.7782897949219,18.843854904174805,1546.1318359375,3683.54443359375,309,0.27277794294059277,104.48024930200852,89.45594654181974
0.7767252197265625,0.458,440.35552978515625,22.681827545166016,1611.8966064453125,3519.972900390625,310,0.27822478488087654,104.48024930200852,89.45594654181974
