step,epoch,train_loss,clip_fraction,gradient_norm_mean,gradient_norm_max,step_seconds,innovation_std_sum,noise_marginal_std_sum
1,1,5.296530395507813,1.0,1786.813875,3393.68359375,2.5767194144427776,341.91003350271626,341.91003350271626
2,1,4.95170361328125,1.0,1230.58996875,2646.289306640625,1.9264384396374226,341.91003350271626,382.26703855065205
3,1,4.7501939697265625,1.0,986.114984375,1995.823974609375,1.9575765896588564,341.91003350271626,384.64878769055576
4,1,4.613282836914062,1.0,841.041484375,1999.7373046875,1.9316496532410383,341.91003350271626,385.24192418426685
5,1,4.562492797851562,1.0,756.496578125,1577.7347412109375,1.9485855251550674,341.91003350271626,385.24192418426685
6,1,4.50036865234375,1.0,699.774171875,1766.9505615234375,1.9504556227475405,341.91003350271626,385.24192418426685
7,1,4.459196411132813,1.0,695.778859375,1560.67578125,1.9548946395516396,341.91003350271626,385.24192418426685
8,1,4.399010009765625,1.0,698.43725,1692.049072265625,1.9386797696352005,341.91003350271626,385.24192418426685
9,1,4.36117333984375,1.0,755.99003125,1665.6619873046875,1.9588401652872562,341.91003350271626,385.24192418426685
10,1,4.278967529296875,1.0,794.34859375,1991.4241943359375,2.0050624888390303,341.91003350271626,385.24192418426685
11,1,4.2587955322265625,1.0,855.261578125,2350.7265625,1.9476550724357367,341.91003350271626,385.24192418426685
12,1,4.153616333007813,1.0,904.370609375,1921.9073486328125,1.9469413701444864,341.91003350271626,385.24192418426685
13,1,4.025867492675781,1.0,959.98684375,1930.6068115234375,1.9622929580509663,341.91003350271626,385.24192418426685
14,1,4.013576477050782,1.0,1048.527125,2895.69091796875,1.9538245182484388,341.91003350271626,385.24192418426685
15,1,3.935158203125,1.0,1103.4239375,2355.93701171875,1.9468532614409924,341.91003350271626,385.24192418426685
16,1,3.8309593505859376,1.0,1148.386625,2628.760498046875,1.9481324832886457,341.91003350271626,385.24192418426685
17,1,3.8538505859375,1.0,1195.87215625,2244.906982421875,1.9491504859179258,341.91003350271626,385.24192418426685
18,1,3.7131292114257812,1.0,1219.9893125,3118.894775390625,1.9728296920657158,341.91003350271626,385.24192418426685
19,1,3.6148895263671874,1.0,1268.314,3138.636962890625,1.9477327764034271,341.91003350271626,385.24192418426685
20,1,3.5719395751953127,1.0,1267.167875,2834.518798828125,1.949411103501916,341.91003350271626,385.24192418426685
21,1,3.4600490112304687,1.0,1296.60675,4129.61376953125,1.9514759853482246,341.91003350271626,385.24192418426685
22,1,3.4421651611328126,1.0,1311.36621875,3051.005615234375,1.949596207588911,341.91003350271626,385.24192418426685
23,1,3.307298767089844,0.999,1361.0095,4677.890625,1.9481833633035421,341.91003350271626,385.24192418426685
24,1,3.366832824707031,0.998,1385.11265625,4791.44677734375,1.9509331248700619,341.91003350271626,385.24192418426685
25,1,3.2425670166015625,0.998,1366.013125,3753.3251953125,1.9531736448407173,341.91003350271626,385.24192418426685
26,1,3.156602294921875,0.999,1409.34125,4416.79150390625,1.9507967289537191,341.91003350271626,385.24192418426685
27,1,3.115037841796875,0.998,1418.658625,4039.8564453125,1.9511679969727993,341.91003350271626,385.24192418426685
28,1,3.1130394287109375,0.993,1443.96878125,3653.06982421875,1.9851800873875618,341.91003350271626,385.24192418426685
29,1,2.963219665527344,0.996,1440.642625,5137.908203125,1.9733421839773655,341.91003350271626,385.24192418426685
30,1,2.9774281005859375,0.997,1438.31828125,4584.28564453125,1.9561844281852245,341.91003350271626,385.24192418426685
31,1,2.8444625244140624,0.992,1439.7114375,7444.2587890625,1.961718374863267,341.91003350271626,385.24192418426685
32,1,2.9318480834960936,0.995,1464.1505625,4737.74609375,1.987208655104041,341.91003350271626,385.24192418426685
33,1,2.7441270141601564,0.994,1424.838875,5173.63623046875,1.972574369981885,341.91003350271626,385.24192418426685
34,1,2.7968058471679687,0.992,1485.27509375,4313.142578125,1.9594233240932226,341.91003350271626,385.24192418426685
35,1,2.7128807373046877,0.991,1471.4968125,4359.3154296875,1.959419198334217,341.91003350271626,385.24192418426685
36,1,2.6739478759765625,0.988,1458.95215625,4852.0234375,1.9595348723232746,341.91003350271626,385.24192418426685
37,1,2.637326904296875,0.99,1467.529,5495.29541015625,1.9489399138838053,341.91003350271626,385.24192418426685
38,1,2.589460205078125,0.982,1472.12815625,4916.748046875,1.9386821296066046,341.91003350271626,385.24192418426685
39,1,2.630087890625,0.983,1478.92675,5338.52490234375,1.9402088820934296,341.91003350271626,385.24192418426685
40,1,2.5926458740234377,0.986,1513.34653125,6878.4228515625,1.9405567813664675,341.91003350271626,385.24192418426685
41,1,2.557291442871094,0.978,1483.851875,5086.31201171875,1.9416989982128143,341.91003350271626,385.24192418426685
42,1,2.554694580078125,0.988,1511.345875,7132.03515625,1.9393915738910437,341.91003350271626,385.24192418426685
43,1,2.4555592041015624,0.975,1500.9015625,5498.439453125,1.940996341407299,341.91003350271626,385.24192418426685
44,1,2.39556640625,0.97,1461.05790625,5261.85400390625,1.9657752215862274,341.91003350271626,385.24192418426685
45,1,2.5057298583984373,0.979,1512.85784375,9701.8486328125,1.941457198932767,341.91003350271626,385.24192418426685
46,1,2.4037060546875,0.97,1491.3585625,5718.32470703125,1.9411536864936352,341.91003350271626,385.24192418426685
47,1,2.5096338500976563,0.979,1522.850875,5761.2958984375,1.9592736009508371,341.91003350271626,385.24192418426685
48,1,2.3753555908203126,0.968,1492.53565625,4943.81787109375,1.959919136017561,341.91003350271626,385.24192418426685
49,1,2.3739443359375,0.966,1511.7346875,6700.6982421875,1.9637506566941738,341.91003350271626,385.24192418426685
50,1,2.2202431640625,0.968,1444.3143125,7175.98828125,1.9682006072252989,341.91003350271626,385.24192418426685
51,2,2.236679931640625,0.957,1451.67059375,8390.7705078125,1.9874832183122635,341.91003350271626,385.24192418426685
52,2,2.2581574096679686,0.965,1462.15446875,4839.1826171875,1.956966109573841,341.91003350271626,385.24192418426685
53,2,2.096147247314453,0.957,1449.91015625,6037.44384765625,1.9810517765581608,341.91003350271626,385.24192418426685
54,2,2.1129324340820315,0.951,1478.602875,6386.80078125,1.9789241198450327,341.91003350271626,385.24192418426685
55,2,2.1612699279785157,0.948,1481.42271875,8162.29345703125,1.9542241860181093,341.91003350271626,385.24192418426685
56,2,2.116800537109375,0.94,1454.275125,6591.58544921875,1.9666578490287066,341.91003350271626,385.24192418426685
57,2,2.0962862548828123,0.942,1451.1831875,6896.06201171875,1.9562405291944742,341.91003350271626,385.24192418426685
58,2,2.108673889160156,0.933,1453.063375,6075.0146484375,1.9674337729811668,341.91003350271626,385.24192418426685
59,2,2.125616638183594,0.943,1465.9748125,6054.5478515625,1.9502596333622932,341.91003350271626,385.24192418426685
60,2,2.079144958496094,0.933,1469.73771875,7241.38330078125,1.982678396627307,341.91003350271626,385.24192418426685
61,2,2.1613894653320314,0.938,1550.1675,6640.0048828125,1.9573266990482807,341.91003350271626,385.24192418426685
62,2,2.096814453125,0.947,1474.90334375,6076.49462890625,1.9636742305010557,341.91003350271626,385.24192418426685
63,2,2.073878143310547,0.928,1461.1475,5896.1640625,1.9656362365931273,341.91003350271626,385.24192418426685
64,2,1.961948974609375,0.922,1497.953375,7673.0244140625,1.9636593498289585,341.91003350271626,385.24192418426685
65,2,1.99053173828125,0.916,1454.65934375,6335.1376953125,1.9830065444111824,341.91003350271626,385.24192418426685
66,2,2.0403870239257813,0.927,1492.9175,6715.67333984375,1.969388933852315,341.91003350271626,385.24192418426685
67,2,2.058894287109375,0.939,1521.74925,8726.798828125,1.9597395081073046,341.91003350271626,385.24192418426685
68,2,1.9841045532226562,0.916,1499.301375,6327.05859375,1.973039885982871,341.91003350271626,385.24192418426685
69,2,2.084916931152344,0.918,1548.73309375,7538.21484375,2.001380894333124,341.91003350271626,385.24192418426685
70,2,1.9263165283203125,0.902,1453.24534375,6367.947265625,1.9657757300883532,341.91003350271626,385.24192418426685
71,2,1.8189755249023438,0.897,1479.35284375,8109.2294921875,1.956207389011979,341.91003350271626,385.24192418426685
72,2,1.974991455078125,0.91,1455.20109375,5774.07763671875,1.9658653736114502,341.91003350271626,385.24192418426685
73,2,1.9127772521972657,0.915,1521.31328125,8424.341796875,1.9693343471735716,341.91003350271626,385.24192418426685
74,2,1.9814452209472657,0.894,1507.509375,8853.896484375,2.0018100142478943,341.91003350271626,385.24192418426685
75,2,1.914993438720703,0.916,1479.06321875,10348.1083984375,1.9687221739441156,341.91003350271626,385.24192418426685
76,2,1.9384335632324219,0.902,1538.5749375,9370.28515625,1.9713695757091045,341.91003350271626,385.24192418426685
77,2,1.8658303833007812,0.913,1459.41853125,7292.4755859375,1.9696715660393238,341.91003350271626,385.24192418426685
78,2,1.85123583984375,0.898,1457.04240625,5670.99951171875,1.973510017618537,341.91003350271626,385.24192418426685
79,2,1.8667964782714843,0.907,1490.96296875,7264.9189453125,1.9767559990286827,341.91003350271626,385.24192418426685
80,2,1.8714804992675782,0.887,1495.78425,6838.10693359375,1.971436521038413,341.91003350271626,385.24192418426685
81,2,1.7896766357421876,0.864,1453.55415625,7091.6865234375,1.978360252454877,341.91003350271626,385.24192418426685
82,2,1.8909561462402344,0.88,1519.61359375,9531.4599609375,1.9820892941206694,341.91003350271626,385.24192418426685
83,2,1.8584796142578126,0.887,1502.56846875,6312.84912109375,2.0007032472640276,341.91003350271626,385.24192418426685
84,2,1.8865126953125,0.892,1500.99621875,8879.3681640625,1.996792135760188,341.91003350271626,385.24192418426685
85,2,1.736472900390625,0.883,1457.2199375,6592.60986328125,2.0006666444242,341.91003350271626,385.24192418426685
86,2,1.8202003173828125,0.879,1530.73946875,7130.27978515625,1.9738405738025904,341.91003350271626,385.24192418426685
87,2,1.7991893615722656,0.873,1498.335,7858.2138671875,1.9738984070718288,341.91003350271626,385.24192418426685
88,2,1.8033703918457031,0.872,1475.9115,6547.9375,2.013602200895548,341.91003350271626,385.24192418426685
89,2,1.8381124267578124,0.876,1527.92396875,8572.8212890625,1.995713235810399,341.91003350271626,385.24192418426685
90,2,1.797878173828125,0.871,1534.9903125,8136.548828125,2.01042515411973,341.91003350271626,385.24192418426685
91,2,1.8355307922363282,0.858,1505.4425,7821.86865234375,2.001549893990159,341.91003350271626,385.24192418426685
92,2,1.8436336059570313,0.886,1580.8015,12217.435546875,2.00468260794878,341.91003350271626,385.24192418426685
93,2,1.7233073120117188,0.862,1467.4090625,6715.70849609375,2.0273787677288055,341.91003350271626,385.24192418426685
94,2,1.7265115966796876,0.861,1475.217,6528.17822265625,2.0031315982341766,341.91003350271626,385.24192418426685
95,2,1.8655880737304686,0.857,1525.66390625,6292.90625,1.9966550786048174,341.91003350271626,385.24192418426685
96,2,1.7154354858398437,0.845,1404.8824375,5903.82666015625,1.9989404622465372,341.91003350271626,385.24192418426685
97,2,1.8206626586914063,0.871,1542.56634375,10625.6201171875,1.966728799045086,341.91003350271626,385.24192418426685
98,2,1.8441646423339844,0.88,1551.53984375,7423.0400390625,1.9676998928189278,341.91003350271626,385.24192418426685
99,2,1.8055534973144531,0.866,1516.43890625,9177.017578125,1.9718238897621632,341.91003350271626,385.24192418426685
100,2,1.7496900939941407,0.864,1465.873,9590.7421875,1.9427207428961992,341.91003350271626,385.24192418426685
101,3,1.7558233337402345,0.861,1511.96771875,7395.29296875,1.9924234226346016,341.91003350271626,385.24192418426685
102,3,1.8293555603027343,0.868,1555.69421875,8172.7353515625,1.9722213838249445,341.91003350271626,385.24192418426685
103,3,1.695274688720703,0.847,1497.66478125,6614.81689453125,1.9666927438229322,341.91003350271626,385.24192418426685
104,3,1.6777280883789063,0.853,1460.5358125,8071.193359375,1.9471959806978703,341.91003350271626,385.24192418426685
105,3,1.8169015502929688,0.844,1575.43596875,10849.33984375,1.95216953009367,341.91003350271626,385.24192418426685
106,3,1.7084625244140625,0.834,1500.80325,8859.3232421875,1.9456443786621094,341.91003350271626,385.24192418426685
107,3,1.6769703063964845,0.825,1509.0674375,8676.4814453125,1.9601976815611124,341.91003350271626,385.24192418426685
108,3,1.7098515930175782,0.838,1545.81803125,9611.6201171875,1.9549067933112383,341.91003350271626,385.24192418426685
109,3,1.7225162658691406,0.838,1530.051375,10208.83984375,1.954347152262926,341.91003350271626,385.24192418426685
110,3,1.6826045837402344,0.839,1553.959,9570.2626953125,1.959902498871088,341.91003350271626,385.24192418426685
111,3,1.692030487060547,0.84,1551.7998125,8536.306640625,1.961375616490841,341.91003350271626,385.24192418426685
112,3,1.7309246215820313,0.831,1500.69590625,7600.71337890625,1.9648354537785053,341.91003350271626,385.24192418426685
113,3,1.7011980590820313,0.833,1554.54984375,9385.5390625,1.959814628586173,341.91003350271626,385.24192418426685
114,3,1.6244328918457032,0.83,1494.283625,7391.8466796875,1.961431683972478,341.91003350271626,385.24192418426685
115,3,1.6255829467773437,0.831,1452.7758125,8077.38623046875,1.9873798992484808,341.91003350271626,385.24192418426685
116,3,1.7715297241210937,0.834,1526.10103125,8207.994140625,1.962192326784134,341.91003350271626,385.24192418426685
117,3,1.7505606689453126,0.86,1559.19471875,8004.16650390625,1.9636165890842676,341.91003350271626,385.24192418426685
118,3,1.6905604248046875,0.835,1550.566875,6238.70068359375,1.9676613993942738,341.91003350271626,385.24192418426685
119,3,1.7675660705566407,0.822,1573.71421875,6492.1953125,1.9670695383101702,341.91003350271626,385.24192418426685
120,3,1.6248698120117187,0.808,1498.15203125,7086.95947265625,2.3817076701670885,341.91003350271626,385.24192418426685
121,3,1.540943878173828,0.801,1431.078125,7648.0927734375,1.9761382136493921,341.91003350271626,385.24192418426685
122,3,1.759480712890625,0.825,1578.1151875,9004.4501953125,1.9688589088618755,341.91003350271626,385.24192418426685
123,3,1.6403402099609374,0.834,1561.40253125,7721.06396484375,1.9814748354256153,341.91003350271626,385.24192418426685
124,3,1.7591627197265625,0.822,1581.998625,9011.736328125,1.976318471133709,341.91003350271626,385.24192418426685
125,3,1.6582755126953126,0.811,1507.8855625,9124.99609375,1.9785494338721037,341.91003350271626,385.24192418426685
126,3,1.7653431396484376,0.807,1606.055125,7625.03466796875,1.9772307891398668,341.91003350271626,385.24192418426685
127,3,1.6330213012695312,0.818,1516.8231875,6085.416015625,1.9705285411328077,341.91003350271626,385.24192418426685
128,3,1.5979105224609376,0.817,1481.0265,8414.8134765625,1.9951405134052038,341.91003350271626,385.24192418426685
129,3,1.6005809326171876,0.804,1504.97259375,9882.583984375,1.9701936822384596,341.91003350271626,385.24192418426685
130,3,1.6754671325683594,0.806,1526.6250625,9417.96484375,1.972927363589406,341.91003350271626,385.24192418426685
131,3,1.558538330078125,0.788,1522.9195625,11470.2333984375,1.9730514716356993,341.91003350271626,385.24192418426685
132,3,1.726459686279297,0.826,1590.3708125,9040.66015625,1.9657761603593826,341.91003350271626,385.24192418426685
133,3,1.5889451293945311,0.804,1533.2543125,11176.2998046875,1.9671436082571745,341.91003350271626,385.24192418426685
134,3,1.6750528869628907,0.807,1567.962,6708.88671875,1.9653914794325829,341.91003350271626,385.24192418426685
135,3,1.5565592651367188,0.805,1513.083875,8498.775390625,1.9688847325742245,341.91003350271626,385.24192418426685
136,3,1.6536883239746094,0.804,1545.46490625,9897.8779296875,1.9688956048339605,341.91003350271626,385.24192418426685
137,3,1.639533447265625,0.814,1569.8375625,10962.4765625,1.9688630662858486,341.91003350271626,385.24192418426685
138,3,1.7178602294921874,0.798,1577.81790625,8996.6572265625,1.9979664776474237,341.91003350271626,385.24192418426685
139,3,1.6268196411132811,0.81,1555.87021875,7747.44287109375,1.9724725242704153,341.91003350271626,385.24192418426685
140,3,1.64216796875,0.823,1582.12971875,9620.15625,1.968467528000474,341.91003350271626,385.24192418426685
141,3,1.6747510681152344,0.811,1532.43446875,6817.90478515625,1.9672282077372074,341.91003350271626,385.24192418426685
142,3,1.715680938720703,0.809,1603.52584375,10000.212890625,1.9719572309404612,341.91003350271626,385.24192418426685
143,3,1.6337045288085938,0.812,1572.321625,8400.28125,1.9716596249490976,341.91003350271626,385.24192418426685
144,3,1.5945567016601563,0.808,1518.04371875,9873.140625,1.9692434333264828,341.91003350271626,385.24192418426685
145,3,1.711296417236328,0.798,1564.9054375,8918.5380859375,1.9707542210817337,341.91003350271626,385.24192418426685
146,3,1.5489555969238282,0.8,1532.78153125,9244.115234375,1.9714939016848803,341.91003350271626,385.24192418426685
147,3,1.7164422302246094,0.785,1601.29671875,10524.0693359375,1.9763446096330881,341.91003350271626,385.24192418426685
148,3,1.6613002014160156,0.8,1592.50265625,7638.90283203125,1.9716739244759083,341.91003350271626,385.24192418426685
149,3,1.740341583251953,0.813,1652.77353125,9569.4921875,1.9888148959726095,341.91003350271626,385.24192418426685
150,3,1.6488388366699218,0.81,1594.983,13276.5849609375,1.9718345273286104,341.91003350271626,385.24192418426685
151,4,1.6203504028320312,0.797,1587.33121875,8801.74609375,1.969719648361206,341.91003350271626,385.24192418426685
152,4,1.5295749206542968,0.802,1519.97078125,8082.42919921875,1.9537154119461775,341.91003350271626,385.24192418426685
153,4,1.5564161376953125,0.771,1570.9023125,7823.42236328125,1.9537574034184217,341.91003350271626,385.24192418426685
154,4,1.5517219848632813,0.783,1519.11765625,10226.2041015625,1.9531769044697285,341.91003350271626,385.24192418426685
155,4,1.6813678588867187,0.792,1623.67278125,9801.7255859375,1.959078699350357,341.91003350271626,385.24192418426685
156,4,1.6869565124511718,0.795,1573.971125,8277.453125,1.9639606270939112,341.91003350271626,385.24192418426685
157,4,1.4571070556640624,0.779,1535.2796875,8834.57421875,1.9438422173261642,341.91003350271626,385.24192418426685
158,4,1.5179321899414062,0.782,1516.719625,11807.2998046875,1.9517169874161482,341.91003350271626,385.24192418426685
159,4,1.5958406677246093,0.782,1597.89446875,15873.982421875,1.9586870670318604,341.91003350271626,385.24192418426685
160,4,1.5758919067382813,0.783,1586.1984375,10590.6025390625,1.9836489707231522,341.91003350271626,385.24192418426685
161,4,1.6513687744140626,0.813,1637.70059375,8914.46875,2.010976916179061,341.91003350271626,385.24192418426685
162,4,1.6238372192382813,0.792,1587.1315,7500.96044921875,1.9654346629977226,341.91003350271626,385.24192418426685
163,4,1.5199391784667968,0.756,1493.71940625,7917.4921875,1.9845697805285454,341.91003350271626,385.24192418426685
164,4,1.4589622497558594,0.764,1465.1144375,8052.92138671875,1.994182150810957,341.91003350271626,385.24192418426685
165,4,1.5524628295898437,0.769,1472.846125,10096.322265625,1.9914966691285372,341.91003350271626,385.24192418426685
166,4,1.5990180358886719,0.773,1544.38271875,9280.8994140625,1.999655218794942,341.91003350271626,385.24192418426685
167,4,1.7383529357910157,0.805,1639.0064375,10208.5888671875,2.0252082496881485,341.91003350271626,385.24192418426685
168,4,1.6123444519042969,0.788,1561.03975,6677.83935546875,1.970349509268999,341.91003350271626,385.24192418426685
169,4,1.6704873352050782,0.791,1629.31046875,8692.6484375,1.9982608929276466,341.91003350271626,385.24192418426685
170,4,1.5610082092285156,0.775,1540.892,7559.330078125,1.9962800201028585,341.91003350271626,385.24192418426685
171,4,1.504030487060547,0.782,1498.44278125,10736.140625,1.9697425570338964,341.91003350271626,385.24192418426685
172,4,1.5848815002441405,0.786,1574.03025,8169.0087890625,1.9712755270302296,341.91003350271626,385.24192418426685
173,4,1.6196254272460937,0.776,1630.0413125,11557.6162109375,1.9668243359774351,341.91003350271626,385.24192418426685
174,4,1.6426807556152343,0.79,1633.1461875,8448.28125,1.965652460232377,341.91003350271626,385.24192418426685
175,4,1.5944664306640626,0.785,1597.0653125,12134.0693359375,1.9691926892846823,341.91003350271626,385.24192418426685
176,4,1.5572725219726562,0.761,1560.677875,7437.73291015625,1.9675587192177773,341.91003350271626,385.24192418426685
177,4,1.5550281677246094,0.769,1570.7098125,9272.8427734375,1.9756910651922226,341.91003350271626,385.24192418426685
178,4,1.5201822204589843,0.765,1532.37921875,9164.634765625,2.0031906589865685,341.91003350271626,385.24192418426685
179,4,1.5365002136230468,0.776,1582.97559375,8786.1435546875,1.998645717278123,341.91003350271626,385.24192418426685
180,4,1.5524580383300781,0.759,1588.12903125,7055.72900390625,1.998751275241375,341.91003350271626,385.24192418426685
181,4,1.6174708251953125,0.77,1637.087875,8837.1875,1.9795576203614473,341.91003350271626,385.24192418426685
182,4,1.6263699645996095,0.77,1595.93253125,7504.75927734375,1.991323010995984,341.91003350271626,385.24192418426685
183,4,1.5505324096679687,0.761,1576.40665625,9620.521484375,2.0035065300762653,341.91003350271626,385.24192418426685
184,4,1.690756103515625,0.781,1678.93875,10420.3623046875,2.0084253065288067,341.91003350271626,385.24192418426685
185,4,1.5520068359375,0.797,1628.413,7665.0888671875,2.0038603115826845,341.91003350271626,385.24192418426685
186,4,1.5926749572753907,0.762,1608.48075,7816.3681640625,2.0031881984323263,341.91003350271626,385.24192418426685
187,4,1.60040771484375,0.763,1586.781125,9078.3408203125,2.0023483857512474,341.91003350271626,385.24192418426685
188,4,1.5584198303222656,0.768,1544.2409375,9256.1650390625,2.002686779946089,341.91003350271626,385.24192418426685
189,4,1.5584971618652343,0.794,1622.4883125,7416.37939453125,2.0013346020132303,341.91003350271626,385.24192418426685
190,4,1.5773649291992187,0.778,1666.249,9436.12890625,2.004966812208295,341.91003350271626,385.24192418426685
191,4,1.666576416015625,0.785,1717.87325,9257.423828125,2.0027492959052324,341.91003350271626,385.24192418426685
192,4,1.5669909057617188,0.793,1645.43828125,9012.599609375,2.0082213543355465,341.91003350271626,385.24192418426685
193,4,1.6084326782226563,0.782,1659.427,8266.8173828125,2.0043472480028868,341.91003350271626,385.24192418426685
194,4,1.4887496948242187,0.763,1627.3495625,10720.6708984375,2.004515491425991,341.91003350271626,385.24192418426685
195,4,1.677927001953125,0.774,1684.46590625,10543.3193359375,2.0097006373107433,341.91003350271626,385.24192418426685
196,4,1.6313783874511718,0.787,1680.934875,13745.3515625,2.0208024214953184,341.91003350271626,385.24192418426685
197,4,1.539534912109375,0.772,1617.34759375,9318.0087890625,2.0009324941784143,341.91003350271626,385.24192418426685
198,4,1.7943255615234375,0.799,1759.28321875,8831.4443359375,2.0017183609306812,341.91003350271626,385.24192418426685
199,4,1.573035430908203,0.765,1655.63434375,7964.56494140625,2.0008075311779976,341.91003350271626,385.24192418426685
200,4,1.6305440063476562,0.774,1694.262875,7865.10107421875,1.9636224750429392,341.91003350271626,385.24192418426685
201,5,1.578254150390625,0.771,1674.325125,9092.353515625,1.9944336451590061,341.91003350271626,385.24192418426685
202,5,1.6564923095703126,0.796,1702.68646875,8945.98828125,1.963145999237895,341.91003350271626,385.24192418426685
203,5,1.496226287841797,0.749,1646.81690625,8391.6669921875,1.9924535378813744,341.91003350271626,385.24192418426685
204,5,1.5761446533203125,0.767,1638.18559375,7536.837890625,1.9882203005254269,341.91003350271626,385.24192418426685
205,5,1.6860879821777344,0.757,1679.4399375,7844.33154296875,1.9811243060976267,341.91003350271626,385.24192418426685
206,5,1.642220947265625,0.768,1635.0935625,9672.05859375,1.9861751571297646,341.91003350271626,385.24192418426685
207,5,1.50841748046875,0.742,1577.5306875,7649.62646484375,1.9939191583544016,341.91003350271626,385.24192418426685
208,5,1.5787662963867188,0.753,1609.847375,10083.2431640625,1.985079849138856,341.91003350271626,385.24192418426685
209,5,1.6104983825683594,0.759,1608.5229375,8105.73828125,1.9930572360754013,341.91003350271626,385.24192418426685
210,5,1.5638919372558593,0.767,1664.8739375,9788.4443359375,1.984502935782075,341.91003350271626,385.24192418426685
211,5,1.5389347534179687,0.788,1702.99253125,8634.9580078125,1.987932562828064,341.91003350271626,385.24192418426685
212,5,1.6051046752929687,0.767,1691.2605,11818.9404296875,1.9953689686954021,341.91003350271626,385.24192418426685
213,5,1.457062469482422,0.742,1547.516125,11086.4375,1.9854612722992897,341.91003350271626,385.24192418426685
214,5,1.503607666015625,0.764,1613.37571875,8211.2138671875,1.9899575598537922,341.91003350271626,385.24192418426685
215,5,1.6084423828125,0.757,1627.141,9248.4892578125,1.9882724769413471,341.91003350271626,385.24192418426685
216,5,1.6286151733398437,0.785,1703.1636875,11861.3974609375,1.9891652837395668,341.91003350271626,385.24192418426685
217,5,1.6243409423828126,0.778,1677.838875,7949.1591796875,1.9877147302031517,341.91003350271626,385.24192418426685
218,5,1.5080609436035157,0.741,1588.3048125,16212.4326171875,1.9920807648450136,341.91003350271626,385.24192418426685
219,5,1.561871063232422,0.759,1656.59528125,9721.2431640625,1.9966350346803665,341.91003350271626,385.24192418426685
220,5,1.5784476013183595,0.736,1604.41871875,8399.7470703125,1.9942549522966146,341.91003350271626,385.24192418426685
221,5,1.568954315185547,0.743,1655.95003125,15737.66796875,1.9921476766467094,341.91003350271626,385.24192418426685
222,5,1.588845947265625,0.747,1597.72996875,10981.76171875,2.0338236577808857,341.91003350271626,385.24192418426685
223,5,1.5614539184570313,0.758,1633.70240625,9275.6904296875,1.9970787391066551,341.91003350271626,385.24192418426685
224,5,1.6028613891601562,0.764,1692.88975,13297.19921875,1.9938023779541254,341.91003350271626,385.24192418426685
225,5,1.4666998901367188,0.728,1581.327625,9527.6669921875,1.9717001374810934,341.91003350271626,385.24192418426685
226,5,1.596373046875,0.747,1653.75521875,10406.4970703125,1.9756610915064812,341.91003350271626,385.24192418426685
227,5,1.6019332580566406,0.76,1701.81334375,7882.005859375,1.9566482901573181,341.91003350271626,385.24192418426685
228,5,1.5752892761230468,0.745,1660.9225,10351.78515625,1.9729995895177126,341.91003350271626,385.24192418426685
229,5,1.4745657958984375,0.747,1626.72065625,14154.845703125,1.9752652421593666,341.91003350271626,385.24192418426685
230,5,1.5644186401367188,0.722,1648.684,10145.6201171875,1.967744905501604,341.91003350271626,385.24192418426685
231,5,1.5393864135742188,0.751,1690.62096875,17014.7265625,1.9709944035857916,341.91003350271626,385.24192418426685
232,5,1.6700695495605469,0.752,1751.22796875,9466.4716796875,1.9695696979761124,341.91003350271626,385.24192418426685
233,5,1.62189208984375,0.774,1722.937375,7791.1162109375,1.9682443793863058,341.91003350271626,385.24192418426685
234,5,1.57910595703125,0.746,1700.17303125,7785.60498046875,1.973081549629569,341.91003350271626,385.24192418426685
235,5,1.5537158203125,0.757,1624.79459375,8510.5341796875,1.9725291728973389,341.91003350271626,385.24192418426685
236,5,1.639165771484375,0.734,1695.53325,9960.7880859375,2.28685811907053,341.91003350271626,385.24192418426685
237,5,1.5892308044433594,0.759,1648.11771875,8596.0576171875,1.9763099774718285,341.91003350271626,385.24192418426685
238,5,1.5780775451660156,0.776,1634.68528125,7565.1298828125,1.9780394043773413,341.91003350271626,385.24192418426685
239,5,1.6023643493652344,0.742,1622.02815625,11535.55859375,1.9769795890897512,341.91003350271626,385.24192418426685
240,5,1.5830103149414063,0.778,1689.5640625,7323.845703125,1.9694037958979607,341.91003350271626,385.24192418426685
241,5,1.6654617004394532,0.77,1716.05121875,9608.6787109375,1.9784668255597353,341.91003350271626,385.24192418426685
242,5,1.5487051696777343,0.76,1624.88696875,7264.91064453125,1.9891624599695206,341.91003350271626,385.24192418426685
243,5,1.5866683959960937,0.771,1661.2305625,8044.72802734375,1.9974477607756853,341.91003350271626,385.24192418426685
244,5,1.4791135864257812,0.756,1636.827125,9464.705078125,1.9798754528164864,341.91003350271626,385.24192418426685
245,5,1.637348907470703,0.747,1671.48575,8138.27490234375,1.979899225756526,341.91003350271626,385.24192418426685
246,5,1.5449870910644532,0.744,1671.16328125,8014.05029296875,1.9960440341383219,341.91003350271626,385.24192418426685
247,5,1.6040980529785156,0.748,1674.106875,16988.869140625,1.9808087889105082,341.91003350271626,385.24192418426685
248,5,1.6930607299804687,0.771,1747.088875,8759.1171875,1.9797007851302624,341.91003350271626,385.24192418426685
249,5,1.6153515319824219,0.743,1624.968,9912.0380859375,1.9894888903945684,341.91003350271626,385.24192418426685
250,5,1.5895315551757812,0.748,1696.22878125,8046.3984375,1.980219528079033,341.91003350271626,385.24192418426685
