stage,method,seed,lr,eps_scale,max_grad_norm,num_bands,geometry,noise,final_test_top1,initialization_sha256,result_dir
stage1,iid_scale,20261001,0.002,0.1,100.0,,scale,iid,0.2845,32174ab45c6778646193838fe7b8f83343d50d42359835e98c8a1c13b16a3cf7,/media/data/data/lt/dp-adam-correlated/exp2/results/search/iid_scale/clip_100
stage1,iid_scale,20261001,0.002,0.1,200.0,,scale,iid,0.2807,32174ab45c6778646193838fe7b8f83343d50d42359835e98c8a1c13b16a3cf7,/media/data/data/lt/dp-adam-correlated/exp2/results/search/iid_scale/clip_200
stage1,iid_scale,20261001,0.002,0.1,300.0,,scale,iid,0.2742,32174ab45c6778646193838fe7b8f83343d50d42359835e98c8a1c13b16a3cf7,/media/data/data/lt/dp-adam-correlated/exp2/results/search/iid_scale/clip_300
stage1,iid_scale,20261001,0.002,0.1,50.0,,scale,iid,0.2847,32174ab45c6778646193838fe7b8f83343d50d42359835e98c8a1c13b16a3cf7,/media/data/data/lt/dp-adam-correlated/exp2/results/search/iid_scale/clip_50
stage1,iid_scale,20261001,0.002,0.1,500.0,,scale,iid,0.2367,32174ab45c6778646193838fe7b8f83343d50d42359835e98c8a1c13b16a3cf7,/media/data/data/lt/dp-adam-correlated/exp2/results/search/iid_scale/clip_500
stage1,momentum_scale,20261001,0.002,0.1,100.0,4,scale,momentum_bandinvmf,0.6397,32174ab45c6778646193838fe7b8f83343d50d42359835e98c8a1c13b16a3cf7,/media/data/data/lt/dp-adam-correlated/exp2/results/search/momentum_scale/clip_100
stage1,momentum_scale,20261001,0.002,0.1,200.0,4,scale,momentum_bandinvmf,0.3444,32174ab45c6778646193838fe7b8f83343d50d42359835e98c8a1c13b16a3cf7,/media/data/data/lt/dp-adam-correlated/exp2/results/search/momentum_scale/clip_200
stage1,momentum_scale,20261001,0.002,0.1,300.0,4,scale,momentum_bandinvmf,0.0252,32174ab45c6778646193838fe7b8f83343d50d42359835e98c8a1c13b16a3cf7,/media/data/data/lt/dp-adam-correlated/exp2/results/search/momentum_scale/clip_300
stage1,momentum_scale,20261001,0.002,0.1,50.0,4,scale,momentum_bandinvmf,0.6287,32174ab45c6778646193838fe7b8f83343d50d42359835e98c8a1c13b16a3cf7,/media/data/data/lt/dp-adam-correlated/exp2/results/search/momentum_scale/clip_50
stage1,momentum_scale,20261001,0.002,0.1,500.0,4,scale,momentum_bandinvmf,0.0104,32174ab45c6778646193838fe7b8f83343d50d42359835e98c8a1c13b16a3cf7,/media/data/data/lt/dp-adam-correlated/exp2/results/search/momentum_scale/clip_500
stage1,prefix_standard,20261001,0.0005,,1.0,4,standard,prefix_bandinvmf,0.5751,32174ab45c6778646193838fe7b8f83343d50d42359835e98c8a1c13b16a3cf7,/media/data/data/lt/dp-adam-correlated/exp2/results/search/prefix_standard/lr_0.0005
stage1,prefix_standard,20261001,0.001,,1.0,4,standard,prefix_bandinvmf,0.7016,32174ab45c6778646193838fe7b8f83343d50d42359835e98c8a1c13b16a3cf7,/media/data/data/lt/dp-adam-correlated/exp2/results/search/prefix_standard/lr_0.001
stage1,prefix_standard,20261001,0.002,,1.0,4,standard,prefix_bandinvmf,0.735,32174ab45c6778646193838fe7b8f83343d50d42359835e98c8a1c13b16a3cf7,/media/data/data/lt/dp-adam-correlated/exp2/results/search/prefix_standard/lr_0.002
stage1,prefix_standard,20261001,0.003,,1.0,4,standard,prefix_bandinvmf,0.7001,32174ab45c6778646193838fe7b8f83343d50d42359835e98c8a1c13b16a3cf7,/media/data/data/lt/dp-adam-correlated/exp2/results/search/prefix_standard/lr_0.003
stage1,prefix_standard,20261001,0.005,,1.0,4,standard,prefix_bandinvmf,0.5756,32174ab45c6778646193838fe7b8f83343d50d42359835e98c8a1c13b16a3cf7,/media/data/data/lt/dp-adam-correlated/exp2/results/search/prefix_standard/lr_0.005
stage1,prefix_standard,20261001,0.007,,1.0,4,standard,prefix_bandinvmf,0.4221,32174ab45c6778646193838fe7b8f83343d50d42359835e98c8a1c13b16a3cf7,/media/data/data/lt/dp-adam-correlated/exp2/results/search/prefix_standard/lr_0.007
