epoch,group,p10,p25,p50,p75,p90,p99,mean,clip_fraction
1,sqrt_vhat,0.001357093220576644,0.0016533576417714357,0.0018920009024441242,0.0021210936829447746,0.0023526903241872787,0.0030124213080853224,0.0018535992648740446,
1,scale,9.77013874053955,9.792296409606934,9.814312934875488,9.837352752685547,9.866107940673828,10.0,9.81825163215971,
2,sqrt_vhat,0.0017175599932670593,0.0018256547627970576,0.001947572105564177,0.002072878647595644,0.00218982738442719,0.0024047819897532463,0.0019513562645438087,
2,scale,9.785709381103516,9.796921730041504,9.80896282196045,9.820708274841309,9.831144332885742,9.849084854125977,9.808631613518697,
3,sqrt_vhat,0.0017765006050467491,0.0018599290633574128,0.0019543033558875322,0.0020508726593106985,0.0021397543605417013,0.002298853127285838,0.0019566678373667224,
3,scale,9.790507316589355,9.799034118652344,9.80831527709961,9.817403793334961,9.825450897216797,9.839086532592773,9.808107197010932,
4,sqrt_vhat,0.0018065705662593246,0.001877275644801557,0.00195715413428843,0.0020385675597935915,0.002113225171342492,0.002245385432615876,0.001958844867171593,
4,scale,9.793050765991211,9.800215721130371,9.8080415725708,9.815731048583984,9.822548866271973,9.834065437316895,9.8078922623228,
5,sqrt_vhat,0.0018256844487041235,0.0018881643190979958,0.001958701992407441,0.002030398230999708,0.0020961256232112646,0.002211829647421837,0.001960030999313967,
5,scale,9.79469108581543,9.801000595092773,9.807891845703125,9.814682960510254,9.820704460144043,9.830904006958008,9.807775148369883,
