method,seed,lr,tau,C,epoch,step,train_loss,train_top1,mean_raw_sample_norm,mean_transformed_sample_norm,transformed_norm_std,clip_fraction,mean_clip_factor,query_norm,raw_mean_gradient_norm,batch_coherence,noise_std,momentum_norm,update_norm,logical_step_seconds,peak_allocated_mib,peak_reserved_mib,mu,epsilon,delta,per_step_sensitivity
dp-coordnorm-sgdm-iid,20261001,0.008,0.018593019388332428,1.0,1,1,5.1723584442138675,0.008,88.90094140625,941.53514453125,87.77188395219859,1.0,0.0010719624981284143,0.06474167108535767,5.72590478515625,0.06474167108535767,0.0026843060150169695,6.318120002746582,0.05054496002197266,17.296712018549442,4950.65185546875,5502.0,0.7450715338755282,3.1232925162148586,1e-05,0.002
dp-coordnorm-sgdm-iid,20261001,0.008,0.018593019388332428,1.0,1,2,5.182178802490235,0.006,89.19415625,945.3600234375,81.72060992338142,1.0,0.0010661581680178642,0.06266389042139053,5.583693359375,0.06266389042139053,0.0026843060150169695,8.502786636352539,0.06802229309082031,2.122103901579976,4950.65185546875,5502.0,0.7450715338755282,3.1232925162148586,1e-05,0.002
dp-coordnorm-sgdm-iid,20261001,0.008,0.018593019388332428,1.0,1,3,5.158770416259766,0.011,88.157177734375,934.5618671875,88.38834990548037,1.0,0.0010802682861685753,0.06388480961322784,5.5803251953125,0.06388480961322784,0.0026843060150169695,9.925565719604492,0.07940452575683594,2.021210825070739,4950.65185546875,5502.0,0.7450715338755282,3.1232925162148586,1e-05,0.002
dp-coordnorm-sgdm-iid,20261001,0.008,0.018593019388332428,1.0,1,4,5.14169384765625,0.006,88.49752099609375,940.82578125,83.93967676449071,1.0,0.001072026014328003,0.0628647580742836,5.51198193359375,0.0628647580742836,0.0026843060150169695,10.944807052612305,0.08755845642089843,2.1368717793375254,4950.65185546875,5502.0,0.7450715338755282,3.1232925162148586,1e-05,0.002
dp-coordnorm-sgdm-iid,20261001,0.008,0.018593019388332428,1.0,1,5,5.1676626281738285,0.015,88.347947265625,937.6232109375,84.71634028481421,1.0,0.0010757977701723576,0.06363961845636368,5.55711962890625,0.06363961845636368,0.0026843060150169695,11.705455780029297,0.09364364624023437,1.9972783122211695,4950.65185546875,5502.0,0.7450715338755282,3.1232925162148586,1e-05,0.002
dp-coordnorm-sgdm-iid,20261001,0.008,0.018593019388332428,1.0,1,6,5.1023766174316405,0.01,88.5983076171875,941.371234375,86.50414493704265,1.0,0.0010718065984547138,0.06295739114284515,5.4173701171875,0.06295739114284515,0.0026843060150169695,12.285082817077637,0.0982806625366211,2.220381438732147,4950.65185546875,5502.0,0.7450715338755282,3.1232925162148586,1e-05,0.002
dp-coordnorm-sgdm-iid,20261001,0.008,0.018593019388332428,1.0,1,7,5.136839492797852,0.012,87.41519384765625,936.13004296875,81.90464364934542,1.0,0.001076831739395857,0.06673600524663925,5.712984375,0.06673600524663925,0.0026843060150169695,12.73127555847168,0.10185020446777344,2.266674105077982,4950.65185546875,5502.0,0.7450715338755282,3.1232925162148586,1e-05,0.002
dp-coordnorm-sgdm-iid,20261001,0.008,0.018593019388332428,1.0,1,8,5.121110336303711,0.007,88.09284033203124,939.35412890625,86.72517804409607,1.0,0.001074166391044855,0.06205831468105316,5.3699755859375,0.06205831468105316,0.0026843060150169695,13.088720321655273,0.10470976257324219,2.219559248536825,4950.65185546875,5502.0,0.7450715338755282,3.1232925162148586,1e-05,0.002
dp-coordnorm-sgdm-iid,20261001,0.008,0.018593019388332428,1.0,1,9,5.091466979980469,0.007,88.5523896484375,941.63065234375,86.68043935447007,1.0,0.00107142473757267,0.06419462710618973,5.5651669921875,0.06419462710618973,0.0026843060150169695,13.36897087097168,0.10695176696777343,1.958737576380372,4950.65185546875,5502.0,0.7450715338755282,3.1232925162148586,1e-05,0.002
dp-coordnorm-sgdm-iid,20261001,0.008,0.018593019388332428,1.0,1,10,5.081126296997071,0.007,87.53276220703125,937.7243828125,83.90562483478648,1.0,0.0010753873623907566,0.06490039825439453,5.71430615234375,0.06490039825439453,0.0026843060150169695,13.596514701843262,0.1087721176147461,2.0367083214223385,4950.65185546875,5502.0,0.7450715338755282,3.1232925162148586,1e-05,0.002
dp-coordnorm-sgdm-iid,20261001,0.008,0.018593019388332428,1.0,1,11,5.117028686523438,0.01,86.90357666015625,932.8818046875,88.74722802991172,1.0,0.0010821295604109763,0.06319592148065567,5.4720703125,0.06319592148065567,0.0026843060150169695,13.773531913757324,0.1101882553100586,2.151943229138851,4950.65185546875,5502.0,0.7450715338755282,3.1232925162148586,1e-05,0.002
dp-coordnorm-sgdm-iid,20261001,0.008,0.018593019388332428,1.0,1,12,5.097535202026367,0.005,86.95481884765626,934.8418359375,89.48583005707769,1.0,0.0010802875012159347,0.0657656118273735,5.59447509765625,0.0657656118273735,0.0026843060150169695,13.9137601852417,0.1113100814819336,2.2736622523516417,4950.65185546875,5502.0,0.7450715338755282,3.1232925162148586,1e-05,0.002
dp-coordnorm-sgdm-iid,20261001,0.008,0.018593019388332428,1.0,1,13,5.0882435913085935,0.009,86.2510341796875,930.8226328125,90.22745837053021,1.0,0.001085000779479742,0.0648784413933754,5.6009765625,0.0648784413933754,0.0026843060150169695,14.02627182006836,0.11221017456054688,2.173384826630354,4950.65185546875,5502.0,0.7450715338755282,3.1232925162148586,1e-05,0.002
dp-coordnorm-sgdm-iid,20261001,0.008,0.018593019388332428,1.0,1,14,5.10359391784668,0.007,85.48594116210937,927.260953125,92.4403418952809,1.0,0.0010900558680295943,0.0634700208902359,5.37895263671875,0.0634700208902359,0.0026843060150169695,14.121468544006348,0.11297174835205079,2.1479096096009016,4950.65185546875,5502.0,0.7450715338755282,3.1232925162148586,1e-05,0.002
dp-coordnorm-sgdm-iid,20261001,0.008,0.018593019388332428,1.0,1,15,5.082658981323243,0.006,85.17050244140626,924.487,95.54370115816134,1.0,0.0010939879640936851,0.06891892105340958,5.850373046875,0.06891892105340958,0.0026843060150169695,14.19395923614502,0.11355167388916015,2.089122887700796,4950.65185546875,5502.0,0.7450715338755282,3.1232925162148586,1e-05,0.002
dp-coordnorm-sgdm-iid,20261001,0.008,0.018593019388332428,1.0,1,16,5.019287750244141,0.008,84.81188671875,924.57416796875,93.72020019661582,1.0,0.0010934386774897576,0.06484037637710571,5.5799091796875,0.06484037637710571,0.0026843060150169695,14.254258155822754,0.11403406524658204,2.0779913514852524,4950.65185546875,5502.0,0.7450715338755282,3.1232925162148586,1e-05,0.002
dp-coordnorm-sgdm-iid,20261001,0.008,0.018593019388332428,1.0,1,17,5.058974533081055,0.01,84.52925146484375,922.70455078125,93.04048563701559,1.0,0.0010954773984849452,0.06916489452123642,5.8251123046875,0.06916489452123642,0.0026843060150169695,14.299805641174316,0.11439844512939454,2.2098009027540684,4950.65185546875,5502.0,0.7450715338755282,3.1232925162148586,1e-05,0.002
dp-coordnorm-sgdm-iid,20261001,0.008,0.018593019388332428,1.0,1,18,5.057050567626953,0.007,84.07614086914063,923.39550390625,91.77818567460659,1.0,0.0010944123677909374,0.06919839233160019,5.94427099609375,0.06919839233160019,0.0026843060150169695,14.343809127807617,0.11475047302246094,2.0269436929374933,4950.65185546875,5502.0,0.7450715338755282,3.1232925162148586,1e-05,0.002
dp-coordnorm-sgdm-iid,20261001,0.008,0.018593019388332428,1.0,1,19,5.0907422637939455,0.007,83.18952587890625,918.48166015625,94.12999498894538,1.0,0.001101036924868822,0.06949740648269653,5.77340966796875,0.06949740648269653,0.0026843060150169695,14.375469207763672,0.11500375366210938,2.017005918547511,4950.65185546875,5502.0,0.7450715338755282,3.1232925162148586,1e-05,0.002
dp-coordnorm-sgdm-iid,20261001,0.008,0.018593019388332428,1.0,1,20,5.021293029785157,0.011,81.73718505859375,908.9505546875,93.19455527704443,1.0,0.0011123751662671566,0.06911933422088623,5.89708642578125,0.06911933422088623,0.0026843060150169695,14.404155731201172,0.11523324584960938,2.0744262877851725,4950.65185546875,5502.0,0.7450715338755282,3.1232925162148586,1e-05,0.002
dp-coordnorm-sgdm-iid,20261001,0.008,0.018593019388332428,1.0,1,21,5.023002014160157,0.009,83.9027744140625,923.51942578125,96.39609019389867,1.0,0.0010953454338014125,0.07361534982919693,6.6364814453125,0.07361534982919693,0.0026843060150169695,14.42429256439209,0.11539434051513672,2.0610059276223183,4950.65185546875,5502.0,0.7450715338755282,3.1232925162148586,1e-05,0.002
dp-coordnorm-sgdm-iid,20261001,0.008,0.018593019388332428,1.0,1,22,4.972244094848633,0.011,81.51045190429687,912.7903984375,95.06858850487883,1.0,0.0011083608977496624,0.06746675819158554,5.665638671875,0.06746675819158554,0.0026843060150169695,14.437715530395508,0.11550172424316406,2.1061271224170923,4950.65185546875,5502.0,0.7450715338755282,3.1232925162148586,1e-05,0.002
dp-coordnorm-sgdm-iid,20261001,0.008,0.018593019388332428,1.0,1,23,4.980668640136718,0.007,80.44474658203124,905.081140625,99.403565755706,1.0,0.001119115587323904,0.06782999634742737,5.86184619140625,0.06782999634742737,0.0026843060150169695,14.448040008544922,0.11558432006835938,2.0806670524179935,4950.65185546875,5502.0,0.7450715338755282,3.1232925162148586,1e-05,0.002
dp-coordnorm-sgdm-iid,20261001,0.008,0.018593019388332428,1.0,1,24,4.973378158569336,0.011,79.32658984375,900.49084765625,95.5188216391316,1.0,0.0011237154826521873,0.06985748559236526,5.65642919921875,0.06985748559236526,0.0026843060150169695,14.46084976196289,0.11568679809570313,2.081497171893716,4950.65185546875,5502.0,0.7450715338755282,3.1232925162148586,1e-05,0.002
dp-coordnorm-sgdm-iid,20261001,0.008,0.018593019388332428,1.0,1,25,4.975032409667969,0.013,78.45535864257812,896.47708203125,96.74000926573983,1.0,0.0011290272027254104,0.07047951966524124,5.87163623046875,0.07047951966524124,0.0026843060150169695,14.472460746765137,0.1157796859741211,2.0122470911592245,4950.65185546875,5502.0,0.7450715338755282,3.1232925162148586,1e-05,0.002
dp-coordnorm-sgdm-iid,20261001,0.008,0.018593019388332428,1.0,1,26,4.969052062988281,0.01,76.6158515625,888.04442578125,98.08022144576334,1.0,0.0011403645500540733,0.07322920858860016,6.04641796875,0.07322920858860016,0.0026843060150169695,14.480817794799805,0.11584654235839845,1.970900459215045,4950.65185546875,5502.0,0.7450715338755282,3.1232925162148586,1e-05,0.002
dp-coordnorm-sgdm-iid,20261001,0.008,0.018593019388332428,1.0,1,27,4.922448226928711,0.009,76.38867578125,886.28504296875,97.88253475406633,1.0,0.0011426586247980594,0.0634458065032959,5.03836279296875,0.0634458065032959,0.0026843060150169695,14.487391471862793,0.11589913177490235,2.215914163738489,4950.65185546875,5502.0,0.7450715338755282,3.1232925162148586,1e-05,0.002
dp-coordnorm-sgdm-iid,20261001,0.008,0.018593019388332428,1.0,1,28,4.918811706542969,0.011,75.12241284179687,878.836109375,101.45417122333191,1.0,0.0011538158431649208,0.07038731127977371,5.79584619140625,0.07038731127977371,0.0026843060150169695,14.490710258483887,0.1159256820678711,2.069929111748934,4950.65185546875,5502.0,0.7450715338755282,3.1232925162148586,1e-05,0.002
dp-coordnorm-sgdm-iid,20261001,0.008,0.018593019388332428,1.0,1,29,4.862640609741211,0.012,73.48415380859375,872.5365,100.90716608720054,1.0,0.001162067212164402,0.06383195519447327,4.83403515625,0.06383195519447327,0.0026843060150169695,14.497655868530273,0.11598124694824219,2.068159094080329,4950.65185546875,5502.0,0.7450715338755282,3.1232925162148586,1e-05,0.002
dp-coordnorm-sgdm-iid,20261001,0.008,0.018593019388332428,1.0,1,30,4.873033935546875,0.01,73.47152294921875,872.71269921875,101.16861480876165,1.0,0.0011619495712220668,0.0676695927977562,5.29728564453125,0.0676695927977562,0.0026843060150169695,14.50088882446289,0.11600711059570312,2.080651054158807,4950.65185546875,5502.0,0.7450715338755282,3.1232925162148586,1e-05,0.002
dp-coordnorm-sgdm-iid,20261001,0.008,0.018593019388332428,1.0,1,31,4.853675155639649,0.007,71.68553198242188,863.182578125,99.62574376875875,1.0,0.0011745608672499657,0.06381348520517349,4.73001806640625,0.06381348520517349,0.0026843060150169695,14.50063705444336,0.11600509643554688,2.0512224473059177,4950.65185546875,5502.0,0.7450715338755282,3.1232925162148586,1e-05,0.002
dp-coordnorm-sgdm-iid,20261001,0.008,0.018593019388332428,1.0,1,32,4.835923568725586,0.016,70.65200634765625,857.67426953125,100.80973853768636,1.0,0.0011827405095100403,0.059434108436107635,3.988308837890625,0.059434108436107635,0.0026843060150169695,14.504119873046875,0.116032958984375,2.0708085615187883,4950.65185546875,5502.0,0.7450715338755282,3.1232925162148586,1e-05,0.002
dp-coordnorm-sgdm-iid,20261001,0.008,0.018593019388332428,1.0,1,33,4.868085830688477,0.009,70.18737622070313,855.98442578125,101.95133554762113,1.0,0.001185304045677185,0.060723766684532166,4.2202802734375,0.060723766684532166,0.0026843060150169695,14.5010347366333,0.1160082778930664,2.063839728012681,4950.65185546875,5502.0,0.7450715338755282,3.1232925162148586,1e-05,0.002
dp-coordnorm-sgdm-iid,20261001,0.008,0.018593019388332428,1.0,1,34,4.862261459350586,0.009,68.78317260742188,846.8118046875,105.46172500912098,1.0,0.0012000297233462334,0.06171660125255585,4.20523876953125,0.06171660125255585,0.0026843060150169695,14.503817558288574,0.11603054046630859,2.072251573204994,4950.65185546875,5502.0,0.7450715338755282,3.1232925162148586,1e-05,0.002
dp-coordnorm-sgdm-iid,20261001,0.008,0.018593019388332428,1.0,1,35,4.8476166229248046,0.005,67.7388388671875,840.40143359375,101.889579514148,1.0,0.00120781684294343,0.06144411861896515,4.046241455078125,0.06144411861896515,0.0026843060150169695,14.504788398742676,0.1160383071899414,1.9075964260846376,4950.65185546875,5502.0,0.7450715338755282,3.1232925162148586,1e-05,0.002
dp-coordnorm-sgdm-iid,20261001,0.008,0.018593019388332428,1.0,1,36,4.871053894042968,0.011,67.13185327148437,836.3281953125,107.50469629433312,1.0,0.0012160296812653542,0.062084149569272995,3.986364501953125,0.062084149569272995,0.0026843060150169695,14.505562782287598,0.11604450225830078,2.025453442707658,4950.65185546875,5502.0,0.7450715338755282,3.1232925162148586,1e-05,0.002
dp-coordnorm-sgdm-iid,20261001,0.008,0.018593019388332428,1.0,1,37,4.810205169677735,0.008,66.12485400390625,831.99146484375,105.05941379596213,1.0,0.001221818681806326,0.05988491326570511,3.90227783203125,0.05988491326570511,0.0026843060150169695,14.50485610961914,0.11603884887695312,2.0703586507588625,4950.65185546875,5502.0,0.7450715338755282,3.1232925162148586,1e-05,0.002
dp-coordnorm-sgdm-iid,20261001,0.008,0.018593019388332428,1.0,1,38,4.827906188964843,0.011,65.71535913085937,828.37724609375,104.87940767440787,1.0,0.0012270643748342992,0.060485467314720154,3.856744384765625,0.060485467314720154,0.0026843060150169695,14.49971866607666,0.11599774932861329,2.0538305211812258,4950.65185546875,5502.0,0.7450715338755282,3.1232925162148586,1e-05,0.002
dp-coordnorm-sgdm-iid,20261001,0.008,0.018593019388332428,1.0,1,39,4.821481918334961,0.012,64.4746943359375,822.43709765625,102.35813792153454,1.0,0.0012351121790707112,0.06035688519477844,3.566861572265625,0.06035688519477844,0.0026843060150169695,14.501365661621094,0.11601092529296875,1.9253420904278755,4950.65185546875,5502.0,0.7450715338755282,3.1232925162148586,1e-05,0.002
dp-coordnorm-sgdm-iid,20261001,0.008,0.018593019388332428,1.0,1,40,4.819410583496094,0.006,62.88754565429687,812.3019609375,101.09420486403876,1.0,0.0012501729764044286,0.06014896556735039,3.496606689453125,0.06014896556735039,0.0026843060150169695,14.505340576171875,0.11604272460937501,2.0600537322461605,4950.65185546875,5502.0,0.7450715338755282,3.1232925162148586,1e-05,0.002
dp-coordnorm-sgdm-iid,20261001,0.008,0.018593019388332428,1.0,1,41,4.788921478271484,0.01,62.2135263671875,807.44209765625,101.09282334802448,1.0,0.0012582774870097638,0.061244841665029526,3.2671044921875,0.061244841665029526,0.0026843060150169695,14.504995346069336,0.11603996276855469,1.9486801568418741,4950.65185546875,5502.0,0.7450715338755282,3.1232925162148586,1e-05,0.002
dp-coordnorm-sgdm-iid,20261001,0.008,0.018593019388332428,1.0,1,42,4.806177459716797,0.009,62.3017060546875,809.51595703125,101.97175742223678,1.0,0.0012552207000553607,0.05862969905138016,3.29012646484375,0.05862969905138016,0.0026843060150169695,14.504076957702637,0.1160326156616211,1.9914497081190348,4950.65185546875,5502.0,0.7450715338755282,3.1232925162148586,1e-05,0.002
dp-coordnorm-sgdm-iid,20261001,0.008,0.018593019388332428,1.0,1,43,4.809688400268555,0.008,61.36499340820313,801.36287890625,103.97388283163697,1.0,0.0012690293826162816,0.06157900020480156,3.32353125,0.06157900020480156,0.0026843060150169695,14.505223274230957,0.11604178619384765,2.0167475678026676,4950.65185546875,5502.0,0.7450715338755282,3.1232925162148586,1e-05,0.002
dp-coordnorm-sgdm-iid,20261001,0.008,0.018593019388332428,1.0,1,44,4.734882827758789,0.012,60.46056420898437,797.80341796875,96.20741279849567,1.0,0.001271657031029463,0.05987926572561264,3.033205810546875,0.05987926572561264,0.0026843060150169695,14.508753776550293,0.11607003021240235,2.027648502960801,4950.65185546875,5502.0,0.7450715338755282,3.1232925162148586,1e-05,0.002
dp-coordnorm-sgdm-iid,20261001,0.008,0.018593019388332428,1.0,1,45,4.794877166748047,0.011,60.85832788085938,800.55279296875,103.81125020889425,1.0,0.0012703987620770931,0.05979468300938606,3.22701171875,0.05979468300938606,0.0026843060150169695,14.506704330444336,0.11605363464355468,2.036541422829032,4950.65185546875,5502.0,0.7450715338755282,3.1232925162148586,1e-05,0.002
dp-coordnorm-sgdm-iid,20261001,0.008,0.018593019388332428,1.0,1,46,4.7476263427734375,0.005,59.61587939453125,791.5752109375,100.0974596543411,1.0,0.001283474124968052,0.05962391197681427,3.13838427734375,0.05962391197681427,0.0026843060150169695,14.50764274597168,0.11606114196777344,2.0869435649365187,4950.65185546875,5502.0,0.7450715338755282,3.1232925162148586,1e-05,0.002
dp-coordnorm-sgdm-iid,20261001,0.008,0.018593019388332428,1.0,1,47,4.761086318969727,0.012,59.30529248046875,789.73270703125,99.70661685712653,1.0,0.0012866794168949127,0.060278598219156265,3.086365966796875,0.060278598219156265,0.0026843060150169695,14.509037971496582,0.11607230377197265,2.0438669212162495,4950.65185546875,5502.0,0.7450715338755282,3.1232925162148586,1e-05,0.002
dp-coordnorm-sgdm-iid,20261001,0.008,0.018593019388332428,1.0,1,48,4.743255249023438,0.008,58.946513427734374,786.461390625,99.05797825612595,1.0,0.0012920341603457927,0.06071186438202858,3.0675458984375,0.06071186438202858,0.0026843060150169695,14.508402824401855,0.11606722259521485,2.020664928480983,4950.65185546875,5502.0,0.7450715338755282,3.1232925162148586,1e-05,0.002
dp-coordnorm-sgdm-iid,20261001,0.008,0.018593019388332428,1.0,1,49,4.768255813598633,0.008,58.82450219726562,786.2579453125,102.90787838142255,1.0,0.0012937597408890723,0.060790322721004486,3.099652099609375,0.060790322721004486,0.0026843060150169695,14.505239486694336,0.11604191589355468,2.0788847785443068,4950.65185546875,5502.0,0.7450715338755282,3.1232925162148586,1e-05,0.002
dp-coordnorm-sgdm-iid,20261001,0.008,0.018593019388332428,1.0,1,50,4.758142532348633,0.01,58.89249633789063,786.03758203125,104.0028539726955,1.0,0.0012943321019411088,0.06062915548682213,3.167109130859375,0.06062915548682213,0.0026843060150169695,14.502273559570312,0.1160181884765625,2.4045506455004215,4971.52294921875,5532.0,0.7450715338755282,3.1232925162148586,1e-05,0.002
dp-coordnorm-sgdm-iid,20261001,0.008,0.018593019388332428,1.0,2,51,4.758597549438477,0.007,58.2899697265625,782.90726171875,102.46909557544068,1.0,0.0012991274744272232,0.059805840253829956,2.939186279296875,0.059805840253829956,0.0026843060150169695,14.503975868225098,0.11603180694580079,14.541412690654397,4971.52294921875,5798.0,1.053690268144897,4.650921021133028,1e-05,0.002
dp-coordnorm-sgdm-iid,20261001,0.008,0.018593019388332428,1.0,2,52,4.7601938171386715,0.008,57.86380810546875,779.14245703125,100.50985847819416,1.0,0.0013049106076359748,0.06318406015634537,3.16634375,0.06318406015634537,0.0026843060150169695,14.505197525024414,0.11604158020019531,2.2620692662894726,4971.52294921875,5798.0,1.053690268144897,4.650921021133028,1e-05,0.002
dp-coordnorm-sgdm-iid,20261001,0.008,0.018593019388332428,1.0,2,53,4.743414108276367,0.01,57.44030517578125,775.30591015625,100.80616884292789,1.0,0.0013115451708436013,0.06271976232528687,3.023227294921875,0.06271976232528687,0.0026843060150169695,14.499910354614258,0.11599928283691406,1.9549188204109669,4971.52294921875,5798.0,1.053690268144897,4.650921021133028,1e-05,0.002
dp-coordnorm-sgdm-iid,20261001,0.008,0.018593019388332428,1.0,2,54,4.748049224853515,0.012,56.70891650390625,773.447828125,100.18994544723736,1.0,0.0013145902454853057,0.06285598129034042,2.873167724609375,0.06285598129034042,0.0026843060150169695,14.497599601745605,0.11598079681396485,2.0648101661354303,4971.52294921875,5798.0,1.053690268144897,4.650921021133028,1e-05,0.002
dp-coordnorm-sgdm-iid,20261001,0.008,0.018593019388332428,1.0,2,55,4.7458626098632815,0.01,56.65308959960937,772.51044140625,97.19585340085588,1.0,0.001315026730298996,0.06284087896347046,3.032581298828125,0.06284087896347046,0.0026843060150169695,14.500887870788574,0.11600710296630859,2.0673423800617456,4971.52294921875,5798.0,1.053690268144897,4.650921021133028,1e-05,0.002
dp-coordnorm-sgdm-iid,20261001,0.008,0.018593019388332428,1.0,2,56,4.727830047607422,0.016,56.71510302734375,772.47680859375,99.80381848814672,1.0,0.0013160840570926667,0.060441724956035614,2.887790771484375,0.060441724956035614,0.0026843060150169695,14.503290176391602,0.11602632141113281,2.0514702443033457,4971.52294921875,5798.0,1.053690268144897,4.650921021133028,1e-05,0.002
dp-coordnorm-sgdm-iid,20261001,0.008,0.018593019388332428,1.0,2,57,4.718966064453125,0.016,55.736310546875,765.1282421875,97.23183124402475,1.0,0.001327976569533348,0.05968992039561272,2.730263427734375,0.05968992039561272,0.0026843060150169695,14.508051872253418,0.11606441497802734,2.0604513324797153,4971.52294921875,5798.0,1.053690268144897,4.650921021133028,1e-05,0.002
dp-coordnorm-sgdm-iid,20261001,0.008,0.018593019388332428,1.0,2,58,4.702967834472656,0.012,55.85493994140625,767.164625,97.26246012007569,1.0,0.0013243408277630805,0.06167171895503998,2.884108154296875,0.06167171895503998,0.0026843060150169695,14.509316444396973,0.11607453155517579,2.127804458141327,4971.52294921875,5798.0,1.053690268144897,4.650921021133028,1e-05,0.002
dp-coordnorm-sgdm-iid,20261001,0.008,0.018593019388332428,1.0,2,59,4.699374893188477,0.007,56.06659252929688,766.8804296875,100.3616189701783,1.0,0.001326217107474804,0.05870490521192551,2.656847900390625,0.05870490521192551,0.0026843060150169695,14.510479927062988,0.11608383941650391,2.0231092385947704,4971.52294921875,5798.0,1.053690268144897,4.650921021133028,1e-05,0.002
dp-coordnorm-sgdm-iid,20261001,0.008,0.018593019388332428,1.0,2,60,4.667029525756836,0.015,55.4469775390625,763.78455859375,96.9617968776901,1.0,0.0013302022591233254,0.05923629179596901,2.658206298828125,0.05923629179596901,0.0026843060150169695,14.508654594421387,0.11606923675537109,1.974668838083744,4971.52294921875,5798.0,1.053690268144897,4.650921021133028,1e-05,0.002
dp-coordnorm-sgdm-iid,20261001,0.008,0.018593019388332428,1.0,2,61,4.704566848754883,0.013,54.92689428710938,757.26568359375,96.18363920797763,1.0,0.0013417426571249963,0.06188597530126572,2.84797900390625,0.06188597530126572,0.0026843060150169695,14.509378433227539,0.11607502746582031,1.9497651420533657,4971.52294921875,5798.0,1.053690268144897,4.650921021133028,1e-05,0.002
dp-coordnorm-sgdm-iid,20261001,0.008,0.018593019388332428,1.0,2,62,4.7189983367919925,0.011,54.14702612304688,752.796375,96.53480091065279,1.0,0.0013502658680081367,0.061614274978637695,2.7599931640625,0.061614274978637695,0.0026843060150169695,14.51235580444336,0.11609884643554688,1.961982436478138,4971.52294921875,5798.0,1.053690268144897,4.650921021133028,1e-05,0.002
dp-coordnorm-sgdm-iid,20261001,0.008,0.018593019388332428,1.0,2,63,4.688264358520508,0.012,54.6053486328125,756.01776171875,96.0761362970608,1.0,0.001343707412481308,0.06058867275714874,2.6302890625,0.06058867275714874,0.0026843060150169695,14.512373924255371,0.11609899139404298,1.9907573014497757,4971.52294921875,5798.0,1.053690268144897,4.650921021133028,1e-05,0.002
dp-coordnorm-sgdm-iid,20261001,0.008,0.018593019388332428,1.0,2,64,4.709491470336914,0.009,54.97741918945312,760.0014921875,97.5508271250085,1.0,0.0013374377265572548,0.05942726880311966,2.681296630859375,0.05942726880311966,0.0026843060150169695,14.514142990112305,0.11611314392089844,1.9655366949737072,4971.52294921875,5798.0,1.053690268144897,4.650921021133028,1e-05,0.002
dp-coordnorm-sgdm-iid,20261001,0.008,0.018593019388332428,1.0,2,65,4.6963882141113285,0.008,54.174195556640626,753.161921875,95.51775456718232,1.0,0.0013488274440169334,0.061375364661216736,2.75334130859375,0.061375364661216736,0.0026843060150169695,14.512249946594238,0.11609799957275391,1.9841650072485209,4971.52294921875,5798.0,1.053690268144897,4.650921021133028,1e-05,0.002
dp-coordnorm-sgdm-iid,20261001,0.008,0.018593019388332428,1.0,2,66,4.700779693603516,0.012,53.87997021484375,751.39159375,96.17638401309854,1.0,0.0013520725890994072,0.060619618743658066,2.622271484375,0.060619618743658066,0.0026843060150169695,14.513692855834961,0.1161095428466797,2.003445640206337,4971.52294921875,5798.0,1.053690268144897,4.650921021133028,1e-05,0.002
dp-coordnorm-sgdm-iid,20261001,0.008,0.018593019388332428,1.0,2,67,4.662763458251953,0.016,53.61189501953125,749.3264140625,96.32847547965645,1.0,0.0013563747107982636,0.059844858944416046,2.567043212890625,0.059844858944416046,0.0026843060150169695,14.512598991394043,0.11610079193115234,2.108478544279933,4971.52294921875,5798.0,1.053690268144897,4.650921021133028,1e-05,0.002
dp-coordnorm-sgdm-iid,20261001,0.008,0.018593019388332428,1.0,2,68,4.705811599731446,0.011,53.60657495117187,749.86922265625,96.38185987472599,1.0,0.0013552498444914817,0.05994928628206253,2.57174755859375,0.05994928628206253,0.0026843060150169695,14.514518737792969,0.11611614990234376,2.2124195769429207,4971.52294921875,5798.0,1.053690268144897,4.650921021133028,1e-05,0.002
dp-coordnorm-sgdm-iid,20261001,0.008,0.018593019388332428,1.0,2,69,4.7347404022216795,0.015,54.084053466796874,753.10367578125,94.51676848459157,1.0,0.0013485601618885995,0.06229155510663986,2.697189697265625,0.06229155510663986,0.0026843060150169695,14.512043952941895,0.11609635162353515,2.0025982931256294,4971.52294921875,5798.0,1.053690268144897,4.650921021133028,1e-05,0.002
dp-coordnorm-sgdm-iid,20261001,0.008,0.018593019388332428,1.0,2,70,4.675970962524414,0.011,52.90762036132813,742.984203125,93.86507287968577,1.0,0.0013672058656811715,0.061555590480566025,2.59745556640625,0.061555590480566025,0.0026843060150169695,14.514276504516602,0.11611421203613281,2.0369782764464617,4971.52294921875,5798.0,1.053690268144897,4.650921021133028,1e-05,0.002
dp-coordnorm-sgdm-iid,20261001,0.008,0.018593019388332428,1.0,2,71,4.6759204559326175,0.012,53.355892578125,746.97516796875,95.59884119620769,1.0,0.0013601470813155174,0.059708960354328156,2.5348125,0.059708960354328156,0.0026843060150169695,14.508116722106934,0.11606493377685548,1.9676360916346312,4971.52294921875,5798.0,1.053690268144897,4.650921021133028,1e-05,0.002
dp-coordnorm-sgdm-iid,20261001,0.008,0.018593019388332428,1.0,2,72,4.665861877441406,0.016,53.36184375,748.37242578125,91.15389366498562,1.0,0.0013561977818608284,0.06201920658349991,2.63283203125,0.06201920658349991,0.0026843060150169695,14.510385513305664,0.11608308410644531,1.878640005365014,4971.52294921875,5798.0,1.053690268144897,4.650921021133028,1e-05,0.002
dp-coordnorm-sgdm-iid,20261001,0.008,0.018593019388332428,1.0,2,73,4.686593902587891,0.007,52.75438500976563,742.5193046875,93.02076201790358,1.0,0.001367750570178032,0.06055307760834694,2.57112109375,0.06055307760834694,0.0026843060150169695,14.508307456970215,0.11606645965576172,1.9994887448847294,4971.52294921875,5798.0,1.053690268144897,4.650921021133028,1e-05,0.002
dp-coordnorm-sgdm-iid,20261001,0.008,0.018593019388332428,1.0,2,74,4.681259338378906,0.015,52.962380859375,745.76131640625,88.70196701323532,1.0,0.0013598296269774436,0.06017935648560524,2.500687255859375,0.06017935648560524,0.0026843060150169695,14.50864028930664,0.11606912231445313,1.9727618973702192,4971.52294921875,5798.0,1.053690268144897,4.650921021133028,1e-05,0.002
dp-coordnorm-sgdm-iid,20261001,0.008,0.018593019388332428,1.0,2,75,4.677223342895508,0.015,52.72909301757812,741.93533984375,91.32638989327897,1.0,0.0013681118115782737,0.05990492179989815,2.490683837890625,0.05990492179989815,0.0026843060150169695,14.508536338806152,0.11606829071044922,2.027227032929659,4971.52294921875,5798.0,1.053690268144897,4.650921021133028,1e-05,0.002
dp-coordnorm-sgdm-iid,20261001,0.008,0.018593019388332428,1.0,2,76,4.664922882080078,0.008,51.80050610351562,735.938953125,90.62127384493664,1.0,0.0013791016861796378,0.05978967621922493,2.366897216796875,0.05978967621922493,0.0026843060150169695,14.510567665100098,0.11608454132080079,2.046916138380766,4971.52294921875,5798.0,1.053690268144897,4.650921021133028,1e-05,0.002
dp-coordnorm-sgdm-iid,20261001,0.008,0.018593019388332428,1.0,2,77,4.654970733642578,0.02,52.06080541992188,737.96055078125,86.17283499243891,1.0,0.001373085103929043,0.06230989843606949,2.63260400390625,0.06230989843606949,0.0026843060150169695,14.511794090270996,0.11609435272216798,1.981188828125596,4971.52294921875,5798.0,1.053690268144897,4.650921021133028,1e-05,0.002
dp-coordnorm-sgdm-iid,20261001,0.008,0.018593019388332428,1.0,2,78,4.647418991088867,0.013,51.834716796875,735.7597578125,87.43644997191616,1.0,0.0013781290128827095,0.061225999146699905,2.5672568359375,0.061225999146699905,0.0026843060150169695,14.510483741760254,0.11608386993408204,1.9229369685053825,4971.52294921875,5798.0,1.053690268144897,4.650921021133028,1e-05,0.002
dp-coordnorm-sgdm-iid,20261001,0.008,0.018593019388332428,1.0,2,79,4.650903411865235,0.018,51.879549072265625,735.26039453125,92.91385383111998,1.0,0.001380948305130005,0.061769064515829086,2.488471923828125,0.061769064515829086,0.0026843060150169695,14.511327743530273,0.11609062194824218,2.1083044689148664,4971.52294921875,5798.0,1.053690268144897,4.650921021133028,1e-05,0.002
dp-coordnorm-sgdm-iid,20261001,0.008,0.018593019388332428,1.0,2,80,4.664746536254883,0.012,52.29575610351562,738.73059765625,91.45393423161029,1.0,0.0013741902261972428,0.059767063707113266,2.484169921875,0.059767063707113266,0.0026843060150169695,14.509841918945312,0.1160787353515625,1.9875238239765167,4971.52294921875,5798.0,1.053690268144897,4.650921021133028,1e-05,0.002
dp-coordnorm-sgdm-iid,20261001,0.008,0.018593019388332428,1.0,2,81,4.659756454467773,0.014,51.74821655273438,735.06505078125,91.70456433547075,1.0,0.0013813668191432953,0.059975504875183105,2.4816494140625,0.059975504875183105,0.0026843060150169695,14.507805824279785,0.11606244659423828,2.0282528772950172,4971.52294921875,5798.0,1.053690268144897,4.650921021133028,1e-05,0.002
dp-coordnorm-sgdm-iid,20261001,0.008,0.018593019388332428,1.0,2,82,4.631054168701172,0.02,51.2518720703125,730.599625,89.86997245943397,1.0,0.001389094203710556,0.060264673084020615,2.364435791015625,0.060264673084020615,0.0026843060150169695,14.509209632873535,0.11607367706298828,2.054681958630681,4971.52294921875,5798.0,1.053690268144897,4.650921021133028,1e-05,0.002
dp-coordnorm-sgdm-iid,20261001,0.008,0.018593019388332428,1.0,2,83,4.653992385864258,0.011,51.98513427734375,736.4046328125,90.0948765040889,1.0,0.001378197155892849,0.05987449735403061,2.421472900390625,0.05987449735403061,0.0026843060150169695,14.505995750427246,0.11604796600341798,2.0763048250228167,4971.52294921875,5798.0,1.053690268144897,4.650921021133028,1e-05,0.002
dp-coordnorm-sgdm-iid,20261001,0.008,0.018593019388332428,1.0,2,84,4.63939714050293,0.012,51.660930419921876,733.22576171875,89.57858199345823,1.0,0.0013839075788855554,0.06006437912583351,2.3398935546875,0.06006437912583351,0.0026843060150169695,14.50394344329834,0.11603154754638673,2.0155586041510105,4971.52294921875,5798.0,1.053690268144897,4.650921021133028,1e-05,0.002
dp-coordnorm-sgdm-iid,20261001,0.008,0.018593019388332428,1.0,2,85,4.658673568725586,0.016,51.76607495117187,734.059359375,91.07244870961055,1.0,0.0013826167210936545,0.061578378081321716,2.596529541015625,0.061578378081321716,0.0026843060150169695,14.503214836120605,0.11602571868896484,2.045615289360285,4971.52294921875,5798.0,1.053690268144897,4.650921021133028,1e-05,0.002
dp-coordnorm-sgdm-iid,20261001,0.008,0.018593019388332428,1.0,2,86,4.669525466918945,0.014,52.1893349609375,736.8610390625,91.91802386764361,1.0,0.001377977967262268,0.0609331913292408,2.52830615234375,0.0609331913292408,0.0026843060150169695,14.505971908569336,0.11604777526855468,2.065760800614953,4971.52294921875,5798.0,1.053690268144897,4.650921021133028,1e-05,0.002
dp-coordnorm-sgdm-iid,20261001,0.008,0.018593019388332428,1.0,2,87,4.64557064819336,0.02,51.318216796875,729.5425625,90.06394118032775,1.0,0.0013912427574396134,0.05918346345424652,2.351125732421875,0.05918346345424652,0.0026843060150169695,14.509754180908203,0.11607803344726562,1.923492506146431,4971.52294921875,5798.0,1.053690268144897,4.650921021133028,1e-05,0.002
dp-coordnorm-sgdm-iid,20261001,0.008,0.018593019388332428,1.0,2,88,4.634937850952149,0.018,51.50470068359375,731.601484375,87.46224362715942,1.0,0.0013860586285591127,0.05959222838282585,2.392080810546875,0.05959222838282585,0.0026843060150169695,14.51318073272705,0.11610544586181641,1.9930329527705908,4971.52294921875,5798.0,1.053690268144897,4.650921021133028,1e-05,0.002
dp-coordnorm-sgdm-iid,20261001,0.008,0.018593019388332428,1.0,2,89,4.651870422363281,0.011,50.69408032226563,726.17742578125,90.02785283298188,1.0,0.0013976590260863305,0.06138848140835762,2.409544677734375,0.06138848140835762,0.0026843060150169695,14.515120506286621,0.11612096405029297,2.0449990909546614,4971.52294921875,5798.0,1.053690268144897,4.650921021133028,1e-05,0.002
dp-coordnorm-sgdm-iid,20261001,0.008,0.018593019388332428,1.0,2,90,4.648336517333984,0.015,50.223458251953126,721.1832578125,87.89659066738136,1.0,0.0014065859243273734,0.06001349911093712,2.297153076171875,0.06001349911093712,0.0026843060150169695,14.511415481567383,0.11609132385253906,2.020294113084674,4971.52294921875,5798.0,1.053690268144897,4.650921021133028,1e-05,0.002
dp-coordnorm-sgdm-iid,20261001,0.008,0.018593019388332428,1.0,2,91,4.63906462097168,0.014,50.081125,720.71220703125,89.2825550493743,1.0,0.0014082912802696227,0.060912299901247025,2.2879638671875,0.060912299901247025,0.0026843060150169695,14.513099670410156,0.11610479736328125,2.0165286418050528,4971.52294921875,5798.0,1.053690268144897,4.650921021133028,1e-05,0.002
dp-coordnorm-sgdm-iid,20261001,0.008,0.018593019388332428,1.0,2,92,4.641393615722656,0.023,50.642057373046875,724.73411328125,89.01026371402531,1.0,0.001399959847331047,0.06041966378688812,2.35241796875,0.06041966378688812,0.0026843060150169695,14.513344764709473,0.11610675811767579,2.041152808815241,4971.52294921875,5798.0,1.053690268144897,4.650921021133028,1e-05,0.002
dp-coordnorm-sgdm-iid,20261001,0.008,0.018593019388332428,1.0,2,93,4.647249221801758,0.015,50.21510107421875,721.09216796875,85.45422923488347,1.0,0.0014060010984539985,0.06176513433456421,2.35646630859375,0.06176513433456421,0.0026843060150169695,14.516590118408203,0.11613272094726562,2.060201607644558,4971.52294921875,5798.0,1.053690268144897,4.650921021133028,1e-05,0.002
dp-coordnorm-sgdm-iid,20261001,0.008,0.018593019388332428,1.0,2,94,4.5890600280761715,0.025,49.77884228515625,717.59544140625,85.87003245003038,1.0,0.0014129798784852027,0.06109496206045151,2.22278125,0.06109496206045151,0.0026843060150169695,14.515176773071289,0.11612141418457031,2.0465399734675884,4971.52294921875,5798.0,1.053690268144897,4.650921021133028,1e-05,0.002
dp-coordnorm-sgdm-iid,20261001,0.008,0.018593019388332428,1.0,2,95,4.619451675415039,0.016,49.806602783203125,719.399609375,88.85876451480432,1.0,0.0014108471423387528,0.06009306386113167,2.175999267578125,0.06009306386113167,0.0026843060150169695,14.513087272644043,0.11610469818115235,2.0340936724096537,4971.52294921875,5798.0,1.053690268144897,4.650921021133028,1e-05,0.002
dp-coordnorm-sgdm-iid,20261001,0.008,0.018593019388332428,1.0,2,96,4.624259216308594,0.021,49.44339111328125,715.12197265625,88.05892472789806,1.0,0.00141886605322361,0.061742786318063736,2.31446435546875,0.061742786318063736,0.0026843060150169695,14.513585090637207,0.11610868072509765,2.0160374883562326,4971.52294921875,5798.0,1.053690268144897,4.650921021133028,1e-05,0.002
dp-coordnorm-sgdm-iid,20261001,0.008,0.018593019388332428,1.0,2,97,4.599988128662109,0.02,49.430374755859376,715.36528125,86.61857988970085,1.0,0.001417875088751316,0.060046564787626266,2.11336279296875,0.060046564787626266,0.0026843060150169695,14.509212493896484,0.11607369995117188,2.1044883523136377,4971.52294921875,5798.0,1.053690268144897,4.650921021133028,1e-05,0.002
dp-coordnorm-sgdm-iid,20261001,0.008,0.018593019388332428,1.0,2,98,4.609555679321289,0.011,48.83505102539063,711.90481640625,82.54780661885273,1.0,0.0014231953024864197,0.06136058270931244,2.240640380859375,0.06136058270931244,0.0026843060150169695,14.511833190917969,0.11609466552734375,1.9768667109310627,4971.52294921875,5798.0,1.053690268144897,4.650921021133028,1e-05,0.002
dp-coordnorm-sgdm-iid,20261001,0.008,0.018593019388332428,1.0,2,99,4.630400009155274,0.022,49.19508471679688,713.9563203125,85.23961922624282,1.0,0.0014200013428926467,0.06134112924337387,2.231903076171875,0.06134112924337387,0.0026843060150169695,14.508010864257812,0.1160640869140625,1.9078503735363483,4971.52294921875,5798.0,1.053690268144897,4.650921021133028,1e-05,0.002
dp-coordnorm-sgdm-iid,20261001,0.008,0.018593019388332428,1.0,2,100,4.6164524993896485,0.021,49.2060693359375,713.89714453125,86.06085655004573,1.0,0.0014204971119761466,0.06267546117305756,2.354588134765625,0.06267546117305756,0.0026843060150169695,14.50748348236084,0.11605986785888672,2.2140118461102247,4971.52294921875,5798.0,1.053690268144897,4.650921021133028,1e-05,0.002
dp-coordnorm-sgdm-iid,20261001,0.008,0.018593019388332428,1.0,3,101,4.608952941894532,0.017,49.205280517578124,716.1635625,84.99103333474996,1.0,0.0014156857505440712,0.06072337180376053,2.122281005859375,0.06072337180376053,0.0026843060150169695,14.509239196777344,0.11607391357421876,13.813430279493332,4971.52294921875,5798.0,1.2905017519456905,5.897172094191148,1e-05,0.002
dp-coordnorm-sgdm-iid,20261001,0.008,0.018593019388332428,1.0,3,102,4.63626416015625,0.012,48.445982666015624,708.34437890625,85.50488215253532,1.0,0.0014318248927593232,0.06372055411338806,2.2646728515625,0.06372055411338806,0.0026843060150169695,14.508610725402832,0.11606888580322267,2.0798284336924553,4971.52294921875,5798.0,1.2905017519456905,5.897172094191148,1e-05,0.002
dp-coordnorm-sgdm-iid,20261001,0.008,0.018593019388332428,1.0,3,103,4.613522583007812,0.016,48.82454345703125,709.74533984375,89.62557988699311,1.0,0.001430813379585743,0.06228657439351082,2.217377685546875,0.06228657439351082,0.0026843060150169695,14.503952980041504,0.11603162384033204,2.092433538287878,4971.52294921875,5798.0,1.2905017519456905,5.897172094191148,1e-05,0.002
dp-coordnorm-sgdm-iid,20261001,0.008,0.018593019388332428,1.0,3,104,4.617858383178711,0.023,48.29045922851562,707.19016796875,87.95001039415041,1.0,0.0014350015893578529,0.06257318705320358,2.109027099609375,0.06257318705320358,0.0026843060150169695,14.507820129394531,0.11606256103515625,2.130041128024459,4971.52294921875,5798.0,1.2905017519456905,5.897172094191148,1e-05,0.002
dp-coordnorm-sgdm-iid,20261001,0.008,0.018593019388332428,1.0,3,105,4.605699325561523,0.024,48.51045849609375,708.85582421875,85.86979952903492,1.0,0.0014311113357543944,0.06177133694291115,2.22377685546875,0.06177133694291115,0.0026843060150169695,14.509061813354492,0.11607249450683595,2.0724058244377375,4971.52294921875,5798.0,1.2905017519456905,5.897172094191148,1e-05,0.002
dp-coordnorm-sgdm-iid,20261001,0.008,0.018593019388332428,1.0,3,106,4.579592681884765,0.02,48.36465478515625,707.39780078125,86.01508850109353,1.0,0.0014338819533586502,0.06163986399769783,2.168505126953125,0.06163986399769783,0.0026843060150169695,14.503528594970703,0.11602822875976562,1.9028261341154575,4971.52294921875,5798.0,1.2905017519456905,5.897172094191148,1e-05,0.002
dp-coordnorm-sgdm-iid,20261001,0.008,0.018593019388332428,1.0,3,107,4.602634292602539,0.02,47.6682783203125,703.3175390625,85.1778213331892,1.0,0.001442316561937332,0.0608346201479435,2.059857666015625,0.0608346201479435,0.0026843060150169695,14.507440567016602,0.11605952453613282,1.9993363693356514,4971.52294921875,5798.0,1.2905017519456905,5.897172094191148,1e-05,0.002
dp-coordnorm-sgdm-iid,20261001,0.008,0.018593019388332428,1.0,3,108,4.603602462768555,0.022,47.547724853515625,703.1929609375,82.04576581367054,1.0,0.0014408679082989692,0.0627647191286087,2.1640341796875,0.0627647191286087,0.0026843060150169695,14.509331703186035,0.11607465362548829,1.9766481574624777,4971.52294921875,5798.0,1.2905017519456905,5.897172094191148,1e-05,0.002
dp-coordnorm-sgdm-iid,20261001,0.008,0.018593019388332428,1.0,3,109,4.602480224609375,0.017,48.080428955078126,706.4494296875,85.60491396062476,1.0,0.0014356789365410805,0.06096284091472626,2.036986083984375,0.06096284091472626,0.0026843060150169695,14.508413314819336,0.1160673065185547,2.00844063796103,4971.52294921875,5798.0,1.2905017519456905,5.897172094191148,1e-05,0.002
dp-coordnorm-sgdm-iid,20261001,0.008,0.018593019388332428,1.0,3,110,4.582451797485351,0.016,47.49958911132813,701.93536328125,83.7562282771825,1.0,0.0014442688077688217,0.060934796929359436,2.02847607421875,0.060934796929359436,0.0026843060150169695,14.510302543640137,0.1160824203491211,2.0325752198696136,4971.52294921875,5798.0,1.2905017519456905,5.897172094191148,1e-05,0.002
dp-coordnorm-sgdm-iid,20261001,0.008,0.018593019388332428,1.0,3,111,4.596879531860352,0.015,47.47292456054687,698.921828125,81.44341698632152,1.0,0.0014497129693627358,0.06259904056787491,2.108658935546875,0.06259904056787491,0.0026843060150169695,14.507462501525879,0.11605970001220703,1.9604640770703554,4971.52294921875,5798.0,1.2905017519456905,5.897172094191148,1e-05,0.002
dp-coordnorm-sgdm-iid,20261001,0.008,0.018593019388332428,1.0,3,112,4.602930526733399,0.017,46.51265625,693.7947578125,80.85427652198993,1.0,0.0014604014456272125,0.06260307133197784,2.06251220703125,0.06260307133197784,0.0026843060150169695,14.510319709777832,0.11608255767822266,2.0270778872072697,4971.52294921875,5798.0,1.2905017519456905,5.897172094191148,1e-05,0.002
dp-coordnorm-sgdm-iid,20261001,0.008,0.018593019388332428,1.0,3,113,4.574581039428711,0.017,47.587458740234375,701.3936640625,84.70373080910284,1.0,0.0014461012482643127,0.06155277043581009,2.0366641845703124,0.06155277043581009,0.0026843060150169695,14.508256912231445,0.11606605529785156,1.8937409333884716,4971.52294921875,5798.0,1.2905017519456905,5.897172094191148,1e-05,0.002
dp-coordnorm-sgdm-iid,20261001,0.008,0.018593019388332428,1.0,3,114,4.5852272491455075,0.016,47.5115732421875,702.2703125,82.00940300448678,1.0,0.0014431131854653358,0.06358606368303299,2.16804052734375,0.06358606368303299,0.0026843060150169695,14.509654998779297,0.11607723999023438,2.007926331833005,4971.52294921875,5798.0,1.2905017519456905,5.897172094191148,1e-05,0.002
dp-coordnorm-sgdm-iid,20261001,0.008,0.018593019388332428,1.0,3,115,4.5913021240234375,0.017,47.47135766601563,699.949,79.7796427605441,1.0,0.0014468539953231812,0.06165369227528572,2.051995361328125,0.06165369227528572,0.0026843060150169695,14.511943817138672,0.11609555053710938,1.9114759750664234,4971.52294921875,5798.0,1.2905017519456905,5.897172094191148,1e-05,0.002
dp-coordnorm-sgdm-iid,20261001,0.008,0.018593019388332428,1.0,3,116,4.587951065063477,0.026,47.32188330078125,699.33128125,82.17175345113117,1.0,0.0014491715282201768,0.06322376430034637,2.111037353515625,0.06322376430034637,0.0026843060150169695,14.50662612915039,0.11605300903320313,2.0015605483204126,4971.52294921875,5798.0,1.2905017519456905,5.897172094191148,1e-05,0.002
dp-coordnorm-sgdm-iid,20261001,0.008,0.018593019388332428,1.0,3,117,4.584045272827148,0.019,47.372681396484374,699.1056875,83.98137713298304,1.0,0.001450457789003849,0.06357476115226746,2.31644189453125,0.06357476115226746,0.0026843060150169695,14.50851058959961,0.11606808471679687,1.9077514074742794,4971.52294921875,5798.0,1.2905017519456905,5.897172094191148,1e-05,0.002
dp-coordnorm-sgdm-iid,20261001,0.008,0.018593019388332428,1.0,3,118,4.610464797973632,0.018,46.953743896484376,696.579109375,82.85447714114021,1.0,0.0014556478559970855,0.06231241300702095,2.018421142578125,0.06231241300702095,0.0026843060150169695,14.50479793548584,0.11603838348388672,1.9420482106506824,4971.52294921875,5798.0,1.2905017519456905,5.897172094191148,1e-05,0.002
dp-coordnorm-sgdm-iid,20261001,0.008,0.018593019388332428,1.0,3,119,4.611520431518555,0.017,47.39304833984375,699.70174609375,82.05563060118051,1.0,0.0014481679499149323,0.06317470222711563,2.079361572265625,0.06317470222711563,0.0026843060150169695,14.5069580078125,0.11605566406250001,2.024539351463318,4971.52294921875,5798.0,1.2905017519456905,5.897172094191148,1e-05,0.002
dp-coordnorm-sgdm-iid,20261001,0.008,0.018593019388332428,1.0,3,120,4.587822189331055,0.026,47.032884033203125,697.36682421875,80.66612968932476,1.0,0.001452711895108223,0.062455352395772934,2.020923583984375,0.062455352395772934,0.0026843060150169695,14.507885932922363,0.11606308746337891,2.056008204817772,4971.52294921875,5798.0,1.2905017519456905,5.897172094191148,1e-05,0.002
dp-coordnorm-sgdm-iid,20261001,0.008,0.018593019388332428,1.0,3,121,4.585325393676758,0.012,46.930639404296876,696.964828125,78.73761716415552,1.0,0.001452792026102543,0.06182478740811348,1.9899716796875,0.06182478740811348,0.0026843060150169695,14.508659362792969,0.11606927490234376,1.9957274310290813,4971.52294921875,5798.0,1.2905017519456905,5.897172094191148,1e-05,0.002
dp-coordnorm-sgdm-iid,20261001,0.008,0.018593019388332428,1.0,3,122,4.5689203033447265,0.026,46.8361171875,695.784203125,80.37579661632427,1.0,0.0014560439214110375,0.0646296814084053,2.1513798828125,0.0646296814084053,0.0026843060150169695,14.507343292236328,0.11605874633789062,2.013754902407527,4971.52294921875,5798.0,1.2905017519456905,5.897172094191148,1e-05,0.002
dp-coordnorm-sgdm-iid,20261001,0.008,0.018593019388332428,1.0,3,123,4.5950855560302735,0.017,47.377426025390626,701.253953125,81.77456344463336,1.0,0.0014448870718479156,0.061653684824705124,2.091541259765625,0.061653684824705124,0.0026843060150169695,14.505417823791504,0.11604334259033203,1.9761736951768398,4971.52294921875,5798.0,1.2905017519456905,5.897172094191148,1e-05,0.002
dp-coordnorm-sgdm-iid,20261001,0.008,0.018593019388332428,1.0,3,124,4.577657928466797,0.017,47.380544921875,701.0164765625,79.73780526135596,1.0,0.0014445748627185822,0.06182684376835823,2.035136474609375,0.06182684376835823,0.0026843060150169695,14.510062217712402,0.11608049774169922,1.9764141738414764,4971.52294921875,5798.0,1.2905017519456905,5.897172094191148,1e-05,0.002
dp-coordnorm-sgdm-iid,20261001,0.008,0.018593019388332428,1.0,3,125,4.6069020080566405,0.017,47.242919921875,699.86086328125,80.78402098944781,1.0,0.00144740042835474,0.061710651963949203,2.088485595703125,0.061710651963949203,0.0026843060150169695,14.509089469909668,0.11607271575927734,2.0752559453248978,4971.52294921875,5798.0,1.2905017519456905,5.897172094191148,1e-05,0.002
dp-coordnorm-sgdm-iid,20261001,0.008,0.018593019388332428,1.0,3,126,4.589193420410156,0.015,46.54174658203125,694.2452109375,79.81262488069217,1.0,0.0014589530006051063,0.062480684369802475,1.9839112548828124,0.062480684369802475,0.0026843060150169695,14.507226943969727,0.11605781555175781,2.105172583833337,4971.52294921875,5798.0,1.2905017519456905,5.897172094191148,1e-05,0.002
dp-coordnorm-sgdm-iid,20261001,0.008,0.018593019388332428,1.0,3,127,4.58192658996582,0.019,47.0289931640625,697.70859375,80.06281413613631,1.0,0.0014516856223344803,0.06570107489824295,2.341185546875,0.06570107489824295,0.0026843060150169695,14.509257316589355,0.11607405853271485,2.0454988293349743,4971.52294921875,5798.0,1.2905017519456905,5.897172094191148,1e-05,0.002
dp-coordnorm-sgdm-iid,20261001,0.008,0.018593019388332428,1.0,3,128,4.550752365112305,0.018,46.60269921875,693.78930859375,78.38953553253346,1.0,0.001459465079009533,0.06269532442092896,2.03480517578125,0.06269532442092896,0.0026843060150169695,14.511338233947754,0.11609070587158203,1.9850739445537329,4971.52294921875,5798.0,1.2905017519456905,5.897172094191148,1e-05,0.002
dp-coordnorm-sgdm-iid,20261001,0.008,0.018593019388332428,1.0,3,129,4.573052917480469,0.02,46.7245205078125,695.4708984375,83.56667653159737,1.0,0.0014581176340579987,0.06489857286214828,2.140185791015625,0.06489857286214828,0.0026843060150169695,14.514487266540527,0.11611589813232422,2.0272141825407743,4971.52294921875,5798.0,1.2905017519456905,5.897172094191148,1e-05,0.002
dp-coordnorm-sgdm-iid,20261001,0.008,0.018593019388332428,1.0,3,130,4.571062454223632,0.021,46.88181225585937,696.12491796875,81.85537601771277,1.0,0.0014560334980487824,0.06240912526845932,2.082433837890625,0.06240912526845932,0.0026843060150169695,14.51374626159668,0.11610997009277343,1.9821217507123947,4971.52294921875,5798.0,1.2905017519456905,5.897172094191148,1e-05,0.002
dp-coordnorm-sgdm-iid,20261001,0.008,0.018593019388332428,1.0,3,131,4.564114151000976,0.023,46.8438828125,696.10145703125,80.79144459019665,1.0,0.0014554183930158616,0.061784952878952026,2.05248828125,0.061784952878952026,0.0026843060150169695,14.509984970092773,0.11607987976074219,2.00027534365654,4971.52294921875,5798.0,1.2905017519456905,5.897172094191148,1e-05,0.002
dp-coordnorm-sgdm-iid,20261001,0.008,0.018593019388332428,1.0,3,132,4.55296125793457,0.032,46.42709057617188,693.47940234375,78.95990453993245,1.0,0.0014602103382349014,0.06454449146986008,2.14989111328125,0.06454449146986008,0.0026843060150169695,14.511027336120605,0.11608821868896485,2.0707393251359463,4971.52294921875,5798.0,1.2905017519456905,5.897172094191148,1e-05,0.002
dp-coordnorm-sgdm-iid,20261001,0.008,0.018593019388332428,1.0,3,133,4.566498657226562,0.02,47.03960473632812,697.54034375,78.42890309784899,1.0,0.0014513157159090043,0.06256172806024551,2.042450439453125,0.06256172806024551,0.0026843060150169695,14.511743545532227,0.11609394836425782,2.0516979284584522,4971.52294921875,5798.0,1.2905017519456905,5.897172094191148,1e-05,0.002
dp-coordnorm-sgdm-iid,20261001,0.008,0.018593019388332428,1.0,3,134,4.5750030975341796,0.026,47.546875732421874,701.87283203125,80.21457259396627,1.0,0.0014431639090180398,0.06183144822716713,1.9872828369140625,0.06183144822716713,0.0026843060150169695,14.513589859008789,0.11610871887207032,2.063218319788575,4971.52294921875,5798.0,1.2905017519456905,5.897172094191148,1e-05,0.002
dp-coordnorm-sgdm-iid,20261001,0.008,0.018593019388332428,1.0,3,135,4.557702285766601,0.024,47.27234643554687,700.919453125,80.4161316587095,1.0,0.0014450391083955765,0.0629616528749466,2.14351806640625,0.0629616528749466,0.0026843060150169695,14.51469612121582,0.11611756896972657,2.0746777299791574,4971.52294921875,5798.0,1.2905017519456905,5.897172094191148,1e-05,0.002
dp-coordnorm-sgdm-iid,20261001,0.008,0.018593019388332428,1.0,3,136,4.586492172241211,0.03,47.636092529296874,700.20210546875,81.38805500274304,1.0,0.0014473063722252846,0.06254376471042633,2.08947900390625,0.06254376471042633,0.0026843060150169695,14.516749382019043,0.11613399505615235,2.0615511797368526,4971.52294921875,5798.0,1.2905017519456905,5.897172094191148,1e-05,0.002
dp-coordnorm-sgdm-iid,20261001,0.008,0.018593019388332428,1.0,3,137,4.559068801879882,0.033,47.43515625,700.842546875,82.45700994920557,1.0,0.0014462076649069786,0.06089835986495018,2.0090264892578125,0.06089835986495018,0.0026843060150169695,14.517990112304688,0.1161439208984375,1.9393768012523651,4971.52294921875,5798.0,1.2905017519456905,5.897172094191148,1e-05,0.002
dp-coordnorm-sgdm-iid,20261001,0.008,0.018593019388332428,1.0,3,138,4.575287017822266,0.032,47.37937280273437,698.85226171875,82.7606204096352,1.0,0.0014504088461399077,0.06304936856031418,2.10860693359375,0.06304936856031418,0.0026843060150169695,14.516204833984375,0.11612963867187501,2.0969771649688482,4971.52294921875,5798.0,1.2905017519456905,5.897172094191148,1e-05,0.002
dp-coordnorm-sgdm-iid,20261001,0.008,0.018593019388332428,1.0,3,139,4.569140975952148,0.024,47.29253173828125,699.16748046875,81.68649983308174,1.0,0.0014493296518921853,0.062518410384655,2.06797705078125,0.062518410384655,0.0026843060150169695,14.518446922302246,0.11614757537841797,2.085876813158393,4971.52294921875,5798.0,1.2905017519456905,5.897172094191148,1e-05,0.002
dp-coordnorm-sgdm-iid,20261001,0.008,0.018593019388332428,1.0,3,140,4.555566452026367,0.03,46.675158935546875,694.94965625,78.19990586955247,1.0,0.0014567364528775214,0.062078848481178284,2.0027022705078124,0.062078848481178284,0.0026843060150169695,14.516674995422363,0.1161333999633789,2.06921093352139,4971.52294921875,5798.0,1.2905017519456905,5.897172094191148,1e-05,0.002
dp-coordnorm-sgdm-iid,20261001,0.008,0.018593019388332428,1.0,3,141,4.561060852050781,0.027,46.795268310546874,694.8437265625,81.0392723112549,1.0,0.0014582210928201676,0.06270165741443634,1.960834228515625,0.06270165741443634,0.0026843060150169695,14.513565063476562,0.11610852050781251,2.1154131162911654,4971.52294921875,5798.0,1.2905017519456905,5.897172094191148,1e-05,0.002
dp-coordnorm-sgdm-iid,20261001,0.008,0.018593019388332428,1.0,3,142,4.544048461914063,0.028,47.547530517578124,702.65635546875,81.94427447585139,1.0,0.0014418178722262383,0.061489056795835495,2.0965751953125,0.061489056795835495,0.0026843060150169695,14.51067066192627,0.11608536529541016,2.038713628426194,4971.52294921875,5798.0,1.2905017519456905,5.897172094191148,1e-05,0.002
dp-coordnorm-sgdm-iid,20261001,0.008,0.018593019388332428,1.0,3,143,4.576619186401367,0.026,46.95573974609375,697.53940625,77.94993732131896,1.0,0.0014512886181473731,0.06232253089547157,2.049252197265625,0.06232253089547157,0.0026843060150169695,14.506840705871582,0.11605472564697265,2.1077447198331356,4971.52294921875,5798.0,1.2905017519456905,5.897172094191148,1e-05,0.002
dp-coordnorm-sgdm-iid,20261001,0.008,0.018593019388332428,1.0,3,144,4.5337412109375,0.028,47.462310546875,699.98339453125,81.15769452435404,1.0,0.0014468764290213585,0.062059346586465836,1.992239501953125,0.062059346586465836,0.0026843060150169695,14.50330924987793,0.11602647399902344,2.0634926445782185,4971.52294921875,5798.0,1.2905017519456905,5.897172094191148,1e-05,0.002
dp-coordnorm-sgdm-iid,20261001,0.008,0.018593019388332428,1.0,3,145,4.555746597290039,0.022,46.9788125,696.0388125,80.25654797952573,1.0,0.0014554670602083205,0.06175224483013153,1.909794921875,0.06175224483013153,0.0026843060150169695,14.509163856506348,0.11607331085205079,2.08091445453465,4971.52294921875,5798.0,1.2905017519456905,5.897172094191148,1e-05,0.002
dp-coordnorm-sgdm-iid,20261001,0.008,0.018593019388332428,1.0,3,146,4.550208679199219,0.017,46.53766064453125,692.658015625,80.92685209766498,1.0,0.00146261777728796,0.06336086243391037,2.095107177734375,0.06336086243391037,0.0026843060150169695,14.505952835083008,0.11604762268066407,2.023810578510165,4971.52294921875,5798.0,1.2905017519456905,5.897172094191148,1e-05,0.002
dp-coordnorm-sgdm-iid,20261001,0.008,0.018593019388332428,1.0,3,147,4.547942153930664,0.021,47.59220141601563,702.54534765625,81.21519861798544,1.0,0.0014418502599000931,0.061189085245132446,2.0284365234375,0.061189085245132446,0.0026843060150169695,14.504924774169922,0.11603939819335937,1.979029355570674,4971.52294921875,5798.0,1.2905017519456905,5.897172094191148,1e-05,0.002
dp-coordnorm-sgdm-iid,20261001,0.008,0.018593019388332428,1.0,3,148,4.550379257202149,0.027,46.9143857421875,696.2872265625,78.05045884491508,1.0,0.0014536952823400499,0.06291981041431427,2.21248779296875,0.06291981041431427,0.0026843060150169695,14.504311561584473,0.11603449249267578,2.014460837468505,4971.52294921875,5798.0,1.2905017519456905,5.897172094191148,1e-05,0.002
dp-coordnorm-sgdm-iid,20261001,0.008,0.018593019388332428,1.0,3,149,4.568491394042969,0.021,47.40845654296875,700.64673828125,80.2872227433828,1.0,0.0014454603642225265,0.06477078795433044,2.26965234375,0.06477078795433044,0.0026843060150169695,14.504292488098145,0.11603433990478516,1.9866778962314129,4971.52294921875,5798.0,1.2905017519456905,5.897172094191148,1e-05,0.002
dp-coordnorm-sgdm-iid,20261001,0.008,0.018593019388332428,1.0,3,150,4.548242843627929,0.033,47.3362373046875,700.2636953125,80.12701808555089,1.0,0.0014463423490524293,0.06353150308132172,2.160347900390625,0.06353150308132172,0.0026843060150169695,14.510748863220215,0.11608599090576172,1.976685043424368,4971.52294921875,5798.0,1.2905017519456905,5.897172094191148,1e-05,0.002
dp-coordnorm-sgdm-iid,20261001,0.008,0.018593019388332428,1.0,4,151,4.546919906616211,0.025,47.398645751953126,701.51187109375,82.39938540150618,1.0,0.0014446519762277602,0.06243428587913513,2.0207957763671875,0.06243428587913513,0.0026843060150169695,14.512275695800781,0.11609820556640625,13.207659475505352,4971.52294921875,5798.0,1.4901430677510563,6.99603315708177,1e-05,0.002
dp-coordnorm-sgdm-iid,20261001,0.008,0.018593019388332428,1.0,4,152,4.550466491699218,0.013,46.8291044921875,696.95876171875,78.62488450526753,1.0,0.0014526307731866836,0.06449019908905029,2.067529052734375,0.06449019908905029,0.0026843060150169695,14.514583587646484,0.11611666870117188,2.161977270618081,4971.52294921875,5798.0,1.4901430677510563,6.99603315708177,1e-05,0.002
dp-coordnorm-sgdm-iid,20261001,0.008,0.018593019388332428,1.0,4,153,4.544152572631836,0.024,47.18214404296875,699.38948046875,79.29483343605689,1.0,0.0014477854818105698,0.06295668333768845,1.97418505859375,0.06295668333768845,0.0026843060150169695,14.510241508483887,0.1160819320678711,2.067997546866536,4971.52294921875,5798.0,1.4901430677510563,6.99603315708177,1e-05,0.002
dp-coordnorm-sgdm-iid,20261001,0.008,0.018593019388332428,1.0,4,154,4.549352859497071,0.029,46.9541298828125,697.14473828125,78.16044963258169,1.0,0.0014518958628177642,0.06352970749139786,2.021741455078125,0.06352970749139786,0.0026843060150169695,14.507518768310547,0.11606015014648438,2.0604335106909275,4971.52294921875,5798.0,1.4901430677510563,6.99603315708177,1e-05,0.002
dp-coordnorm-sgdm-iid,20261001,0.008,0.018593019388332428,1.0,4,155,4.5370756530761716,0.026,47.37725048828125,700.29708203125,79.43915217647152,1.0,0.0014461149796843528,0.06213751062750816,2.0285089111328123,0.06213751062750816,0.0026843060150169695,14.505475997924805,0.11604380798339844,2.0616518165916204,4971.52294921875,5798.0,1.4901430677510563,6.99603315708177,1e-05,0.002
dp-coordnorm-sgdm-iid,20261001,0.008,0.018593019388332428,1.0,4,156,4.5126722717285155,0.03,47.74328295898437,703.273765625,84.78329188957316,1.0,0.001442185290157795,0.06167415902018547,2.019532958984375,0.06167415902018547,0.0026843060150169695,14.503878593444824,0.11603102874755859,2.074572814628482,4971.52294921875,5798.0,1.4901430677510563,6.99603315708177,1e-05,0.002
dp-coordnorm-sgdm-iid,20261001,0.008,0.018593019388332428,1.0,4,157,4.535338272094727,0.031,46.90594580078125,697.67636328125,79.90133990521849,1.0,0.001451627843081951,0.062251970171928406,2.0021290283203124,0.062251970171928406,0.0026843060150169695,14.505104064941406,0.11604083251953125,2.035616736859083,4971.52294921875,5798.0,1.4901430677510563,6.99603315708177,1e-05,0.002
dp-coordnorm-sgdm-iid,20261001,0.008,0.018593019388332428,1.0,4,158,4.539201309204102,0.018,46.9770107421875,698.82191015625,79.04287371781203,1.0,0.001448710322380066,0.06396135687828064,2.078790771484375,0.06396135687828064,0.0026843060150169695,14.503955841064453,0.11603164672851562,1.9986242856830359,4971.52294921875,5798.0,1.4901430677510563,6.99603315708177,1e-05,0.002
dp-coordnorm-sgdm-iid,20261001,0.008,0.018593019388332428,1.0,4,159,4.5314423370361325,0.021,47.62411572265625,703.1708125,82.80735745143551,1.0,0.0014413138031959534,0.062028419226408005,1.9602625732421874,0.062028419226408005,0.0026843060150169695,14.50523567199707,0.11604188537597657,2.073425855487585,4971.52294921875,5798.0,1.4901430677510563,6.99603315708177,1e-05,0.002
dp-coordnorm-sgdm-iid,20261001,0.008,0.018593019388332428,1.0,4,160,4.49879476928711,0.032,46.9935673828125,698.00109765625,76.98571082136075,1.0,0.0014496854171156884,0.061725132167339325,1.8938216552734375,0.061725132167339325,0.0026843060150169695,14.508529663085938,0.1160682373046875,2.037302576005459,4971.52294921875,5798.0,1.4901430677510563,6.99603315708177,1e-05,0.002
dp-coordnorm-sgdm-iid,20261001,0.008,0.018593019388332428,1.0,4,161,4.531886901855469,0.023,47.10620288085938,697.1573671875,75.38226168133563,1.0,0.0014508153945207596,0.0621403269469738,1.9681182861328126,0.0621403269469738,0.0026843060150169695,14.504965782165527,0.11603972625732423,2.0128887686878443,4971.52294921875,5798.0,1.4901430677510563,6.99603315708177,1e-05,0.002
dp-coordnorm-sgdm-iid,20261001,0.008,0.018593019388332428,1.0,4,162,4.542888916015625,0.017,46.97639428710937,696.93542578125,80.64634084140297,1.0,0.0014536030068993569,0.06345164775848389,2.028514892578125,0.06345164775848389,0.0026843060150169695,14.50588321685791,0.11604706573486329,2.0059643797576427,4971.52294921875,5798.0,1.4901430677510563,6.99603315708177,1e-05,0.002
dp-coordnorm-sgdm-iid,20261001,0.008,0.018593019388332428,1.0,4,163,4.529578720092774,0.03,47.42044287109375,701.2634609375,79.0920751653377,1.0,0.0014439580142498016,0.06213143467903137,1.9896529541015624,0.06213143467903137,0.0026843060150169695,14.51388931274414,0.11611111450195313,2.0009547509253025,4971.52294921875,5798.0,1.4901430677510563,6.99603315708177,1e-05,0.002
dp-coordnorm-sgdm-iid,20261001,0.008,0.018593019388332428,1.0,4,164,4.541791610717773,0.027,47.3046181640625,701.09522265625,78.40128040142724,1.0,0.0014440151154994966,0.06364437937736511,2.0636826171875,0.06364437937736511,0.0026843060150169695,14.51406192779541,0.11611249542236328,1.9062502793967724,4971.52294921875,5798.0,1.4901430677510563,6.99603315708177,1e-05,0.002
dp-coordnorm-sgdm-iid,20261001,0.008,0.018593019388332428,1.0,4,165,4.513077239990235,0.016,47.44998876953125,701.89173046875,75.01219033986179,1.0,0.0014407857358455659,0.06140356510877609,1.9995146484375,0.06140356510877609,0.0026843060150169695,14.513723373413086,0.11610978698730469,2.030129700899124,4971.52294921875,5798.0,1.4901430677510563,6.99603315708177,1e-05,0.002
dp-coordnorm-sgdm-iid,20261001,0.008,0.018593019388332428,1.0,4,166,4.522651794433593,0.031,47.152656982421874,699.88441796875,76.60732004543735,1.0,0.0014456860646605491,0.06345602869987488,2.039536376953125,0.06345602869987488,0.0026843060150169695,14.512998580932617,0.11610398864746094,2.002696171402931,4971.52294921875,5798.0,1.4901430677510563,6.99603315708177,1e-05,0.002
dp-coordnorm-sgdm-iid,20261001,0.008,0.018593019388332428,1.0,4,167,4.510108139038086,0.025,47.28309521484375,699.87641796875,76.37460030161533,1.0,0.0014454606175422669,0.06354277580976486,2.099524658203125,0.06354277580976486,0.0026843060150169695,14.512516975402832,0.11610013580322266,1.9997639786452055,4971.52294921875,5798.0,1.4901430677510563,6.99603315708177,1e-05,0.002
dp-coordnorm-sgdm-iid,20261001,0.008,0.018593019388332428,1.0,4,168,4.541989959716797,0.027,46.68149951171875,697.0687890625,77.3073432148585,1.0,0.0014517564624547958,0.06286820769309998,1.931382568359375,0.06286820769309998,0.0026843060150169695,14.508227348327637,0.1160658187866211,2.1033126302063465,4971.52294921875,5798.0,1.4901430677510563,6.99603315708177,1e-05,0.002
dp-coordnorm-sgdm-iid,20261001,0.008,0.018593019388332428,1.0,4,169,4.543156875610352,0.025,47.81052294921875,705.28632421875,80.04230675089428,1.0,0.001435571439564228,0.06247860565781593,1.9847462158203124,0.06247860565781593,0.0026843060150169695,14.504597663879395,0.11603678131103516,2.091218065470457,4971.52294921875,5798.0,1.4901430677510563,6.99603315708177,1e-05,0.002
dp-coordnorm-sgdm-iid,20261001,0.008,0.018593019388332428,1.0,4,170,4.515316772460937,0.03,47.334510498046875,699.04091015625,75.19035794516206,1.0,0.0014468086659908295,0.06323233246803284,1.996954345703125,0.06323233246803284,0.0026843060150169695,14.504989624023438,0.1160399169921875,2.0588797386735678,4971.52294921875,5798.0,1.4901430677510563,6.99603315708177,1e-05,0.002
dp-coordnorm-sgdm-iid,20261001,0.008,0.018593019388332428,1.0,4,171,4.512049057006836,0.024,46.81821166992187,698.3699921875,76.91642225189125,1.0,0.0014488243907690049,0.06228521466255188,1.949835205078125,0.06228521466255188,0.0026843060150169695,14.505932807922363,0.11604746246337891,2.0378150921314955,4971.52294921875,5798.0,1.4901430677510563,6.99603315708177,1e-05,0.002
dp-coordnorm-sgdm-iid,20261001,0.008,0.018593019388332428,1.0,4,172,4.495180572509765,0.046,47.75270751953125,704.58646875,78.89257287226285,1.0,0.0014366924613714218,0.06582386046648026,2.2444931640625,0.06582386046648026,0.0026843060150169695,14.507974624633789,0.11606379699707031,2.100397137925029,4971.52294921875,5798.0,1.4901430677510563,6.99603315708177,1e-05,0.002
dp-coordnorm-sgdm-iid,20261001,0.008,0.018593019388332428,1.0,4,173,4.518049102783203,0.027,48.15309887695312,707.97486328125,77.64410448897819,1.0,0.0014290713742375373,0.06176287308335304,2.0158629150390626,0.06176287308335304,0.0026843060150169695,14.510376930236816,0.11608301544189453,2.1910585053265095,4971.52294921875,5798.0,1.4901430677510563,6.99603315708177,1e-05,0.002
dp-coordnorm-sgdm-iid,20261001,0.008,0.018593019388332428,1.0,4,174,4.51116275024414,0.025,48.28986157226562,707.44909765625,78.46389121983175,1.0,0.00143055322766304,0.06130416691303253,1.95294775390625,0.06130416691303253,0.0026843060150169695,14.511445999145508,0.11609156799316407,1.9484363868832588,4971.52294921875,5798.0,1.4901430677510563,6.99603315708177,1e-05,0.002
dp-coordnorm-sgdm-iid,20261001,0.008,0.018593019388332428,1.0,4,175,4.518284332275391,0.03,48.411191162109375,708.68492578125,78.64230394911027,1.0,0.0014280072003602982,0.06118017062544823,1.9978338623046874,0.06118017062544823,0.0026843060150169695,14.509319305419922,0.11607455444335937,2.0783562548458576,4971.52294921875,5798.0,1.4901430677510563,6.99603315708177,1e-05,0.002
dp-coordnorm-sgdm-iid,20261001,0.008,0.018593019388332428,1.0,4,176,4.526206817626953,0.026,47.646144775390624,704.5198359375,73.81429922852385,1.0,0.0014347010999917983,0.06303384155035019,2.053599365234375,0.06303384155035019,0.0026843060150169695,14.508332252502441,0.11606665802001953,2.002402925863862,4971.52294921875,5798.0,1.4901430677510563,6.99603315708177,1e-05,0.002
dp-coordnorm-sgdm-iid,20261001,0.008,0.018593019388332428,1.0,4,177,4.5030439147949215,0.031,48.36372119140625,709.387921875,76.96644917019978,1.0,0.0014260896295309067,0.06418529897928238,2.275251220703125,0.06418529897928238,0.0026843060150169695,14.510138511657715,0.11608110809326172,1.9668500125408173,4971.52294921875,5798.0,1.4901430677510563,6.99603315708177,1e-05,0.002
dp-coordnorm-sgdm-iid,20261001,0.008,0.018593019388332428,1.0,4,178,4.492077728271484,0.033,48.1383447265625,707.88721875,76.66562156788159,1.0,0.0014291198775172233,0.06224628537893295,2.0683955078125,0.06224628537893295,0.0026843060150169695,14.513227462768555,0.11610581970214844,2.03448798507452,4971.52294921875,5798.0,1.4901430677510563,6.99603315708177,1e-05,0.002
dp-coordnorm-sgdm-iid,20261001,0.008,0.018593019388332428,1.0,4,179,4.493931518554687,0.033,48.45453198242188,710.26796484375,80.42998269748423,1.0,0.0014256166219711304,0.0640472024679184,2.22728564453125,0.0640472024679184,0.0026843060150169695,14.514280319213867,0.11611424255371094,1.9771993905305862,4971.52294921875,5798.0,1.4901430677510563,6.99603315708177,1e-05,0.002
dp-coordnorm-sgdm-iid,20261001,0.008,0.018593019388332428,1.0,4,180,4.5095185546875,0.026,48.22403393554688,708.74167578125,76.78809159489181,1.0,0.0014272579178214073,0.06156478449702263,2.03440234375,0.06156478449702263,0.0026843060150169695,14.510624885559082,0.11608499908447266,2.0260953325778246,4971.52294921875,5798.0,1.4901430677510563,6.99603315708177,1e-05,0.002
dp-coordnorm-sgdm-iid,20261001,0.008,0.018593019388332428,1.0,4,181,4.508444702148437,0.028,48.42768505859375,710.2191953125,77.93584932279232,1.0,0.0014247353747487068,0.061159927397966385,2.021396240234375,0.061159927397966385,0.0026843060150169695,14.510119438171387,0.11608095550537109,1.947561463341117,4971.52294921875,5798.0,1.4901430677510563,6.99603315708177,1e-05,0.002
dp-coordnorm-sgdm-iid,20261001,0.008,0.018593019388332428,1.0,4,182,4.48922314453125,0.038,48.30099560546875,708.74316796875,76.95263385759009,1.0,0.0014272138178348542,0.06289417296648026,2.111615234375,0.06289417296648026,0.0026843060150169695,14.507702827453613,0.1160616226196289,1.8894112911075354,4971.52294921875,5798.0,1.4901430677510563,6.99603315708177,1e-05,0.002
dp-coordnorm-sgdm-iid,20261001,0.008,0.018593019388332428,1.0,4,183,4.513465698242188,0.032,49.422351318359375,717.1257578125,79.29166085943521,1.0,0.0014110841080546379,0.061085887253284454,2.102259033203125,0.061085887253284454,0.0026843060150169695,14.50909423828125,0.11607275390625,2.023661807179451,4971.52294921875,5798.0,1.4901430677510563,6.99603315708177,1e-05,0.002
dp-coordnorm-sgdm-iid,20261001,0.008,0.018593019388332428,1.0,4,184,4.498393157958985,0.027,49.50713159179688,718.5437890625,76.36425341549243,1.0,0.001407405361533165,0.0614783801138401,2.0921767578125,0.0614783801138401,0.0026843060150169695,14.510298728942871,0.11608238983154297,2.028208788484335,4971.52294921875,5798.0,1.4901430677510563,6.99603315708177,1e-05,0.002
dp-coordnorm-sgdm-iid,20261001,0.008,0.018593019388332428,1.0,4,185,4.498978317260742,0.021,49.84592846679688,721.461078125,80.10306330417521,1.0,0.0014028237387537956,0.06087574362754822,2.175590576171875,0.06087574362754822,0.0026843060150169695,14.510335922241211,0.11608268737792969,2.0015667341649532,4971.52294921875,5798.0,1.4901430677510563,6.99603315708177,1e-05,0.002
dp-coordnorm-sgdm-iid,20261001,0.008,0.018593019388332428,1.0,4,186,4.503735870361328,0.036,49.38792529296875,716.47082421875,76.19469826244568,1.0,0.0014114681482315064,0.06107749044895172,2.09041162109375,0.06107749044895172,0.0026843060150169695,14.508757591247559,0.11607006072998047,2.0085793677717447,4971.52294921875,5798.0,1.4901430677510563,6.99603315708177,1e-05,0.002
dp-coordnorm-sgdm-iid,20261001,0.008,0.018593019388332428,1.0,4,187,4.497160522460938,0.043,49.49597119140625,719.50231640625,78.3837654494891,1.0,0.0014061014726758003,0.05912323296070099,2.0041177978515625,0.05912323296070099,0.0026843060150169695,14.508831977844238,0.11607065582275392,2.0692587848752737,4971.52294921875,5798.0,1.4901430677510563,6.99603315708177,1e-05,0.002
dp-coordnorm-sgdm-iid,20261001,0.008,0.018593019388332428,1.0,4,188,4.496426071166992,0.048,50.27085107421875,724.65590625,78.68134173354619,1.0,0.0013958891108632088,0.060236621648073196,2.190354736328125,0.060236621648073196,0.0026843060150169695,14.507850646972656,0.11606280517578126,1.9930093474686146,4971.52294921875,5798.0,1.4901430677510563,6.99603315708177,1e-05,0.002
dp-coordnorm-sgdm-iid,20261001,0.008,0.018593019388332428,1.0,4,189,4.491331970214843,0.034,49.714919921875,721.08398046875,76.337612690883,1.0,0.0014022488594055175,0.061109066009521484,2.157383056640625,0.061109066009521484,0.0026843060150169695,14.50646686553955,0.1160517349243164,1.9450430627912283,4971.52294921875,5798.0,1.4901430677510563,6.99603315708177,1e-05,0.002
dp-coordnorm-sgdm-iid,20261001,0.008,0.018593019388332428,1.0,4,190,4.494766403198242,0.03,49.62170239257812,719.18749609375,77.71614672899254,1.0,0.0014064845442771912,0.06073422729969025,2.19101171875,0.06073422729969025,0.0026843060150169695,14.508225440979004,0.11606580352783204,2.043746216222644,4971.52294921875,5798.0,1.4901430677510563,6.99603315708177,1e-05,0.002
dp-coordnorm-sgdm-iid,20261001,0.008,0.018593019388332428,1.0,4,191,4.501569717407227,0.028,49.63537084960937,718.11153125,82.71538361018634,1.0,0.001410630814731121,0.06066016107797623,2.0199583740234375,0.06066016107797623,0.0026843060150169695,14.506882667541504,0.11605506134033203,1.9733091928064823,4971.52294921875,5798.0,1.4901430677510563,6.99603315708177,1e-05,0.002
dp-coordnorm-sgdm-iid,20261001,0.008,0.018593019388332428,1.0,4,192,4.480879623413086,0.033,50.07056909179688,724.8445078125,80.02490546107893,1.0,0.001396041490137577,0.059675432741642,2.1388369140625,0.059675432741642,0.0026843060150169695,14.50724983215332,0.11605799865722656,2.0966406278312206,4971.52294921875,5798.0,1.4901430677510563,6.99603315708177,1e-05,0.002
dp-coordnorm-sgdm-iid,20261001,0.008,0.018593019388332428,1.0,4,193,4.507341796875,0.032,50.0265849609375,721.84810546875,80.33063320537447,1.0,0.0014022196009755134,0.06104505807161331,2.192772216796875,0.06104505807161331,0.0026843060150169695,14.511674880981445,0.11609339904785157,2.0273577105253935,4971.52294921875,5798.0,1.4901430677510563,6.99603315708177,1e-05,0.002
dp-coordnorm-sgdm-iid,20261001,0.008,0.018593019388332428,1.0,4,194,4.481944061279297,0.045,49.83716723632813,719.17643359375,79.3347550785566,1.0,0.0014070183262228967,0.06163656339049339,2.15364599609375,0.06163656339049339,0.0026843060150169695,14.510588645935059,0.11608470916748047,2.0150765851140022,4971.52294921875,5798.0,1.4901430677510563,6.99603315708177,1e-05,0.002
dp-coordnorm-sgdm-iid,20261001,0.008,0.018593019388332428,1.0,4,195,4.4842704467773435,0.038,49.393400390625,717.84244140625,77.93754753592462,1.0,0.0014091990813612939,0.06045028567314148,2.054843505859375,0.06045028567314148,0.0026843060150169695,14.515707969665527,0.11612566375732422,1.8648904170840979,4971.52294921875,5798.0,1.4901430677510563,6.99603315708177,1e-05,0.002
dp-coordnorm-sgdm-iid,20261001,0.008,0.018593019388332428,1.0,4,196,4.477121002197266,0.043,49.752759765625,720.31162109375,79.97942558742234,1.0,0.001405092090368271,0.060989685356616974,2.181003173828125,0.060989685356616974,0.0026843060150169695,14.518035888671875,0.11614428710937501,1.9354436378926039,4971.52294921875,5798.0,1.4901430677510563,6.99603315708177,1e-05,0.002
dp-coordnorm-sgdm-iid,20261001,0.008,0.018593019388332428,1.0,4,197,4.477463973999024,0.033,49.93409692382812,721.854546875,78.2706021178351,1.0,0.0014012581929564475,0.05977384001016617,2.044690673828125,0.05977384001016617,0.0026843060150169695,14.513992309570312,0.1161119384765625,2.0127116180956364,4971.52294921875,5798.0,1.4901430677510563,6.99603315708177,1e-05,0.002
dp-coordnorm-sgdm-iid,20261001,0.008,0.018593019388332428,1.0,4,198,4.494935424804687,0.032,49.70622119140625,720.02953515625,77.46487270159675,1.0,0.0014045861586928369,0.060521308332681656,2.19842138671875,0.060521308332681656,0.0026843060150169695,14.509561538696289,0.11607649230957032,2.023633686825633,4971.52294921875,5798.0,1.4901430677510563,6.99603315708177,1e-05,0.002
dp-coordnorm-sgdm-iid,20261001,0.008,0.018593019388332428,1.0,4,199,4.4891396484375,0.037,49.744446533203124,721.51825390625,78.87502317005102,1.0,0.0014020922482013702,0.060808464884757996,2.0461988525390624,0.060808464884757996,0.0026843060150169695,14.508234977722168,0.11606587982177735,2.065070202574134,4971.52294921875,5798.0,1.4901430677510563,6.99603315708177,1e-05,0.002
dp-coordnorm-sgdm-iid,20261001,0.008,0.018593019388332428,1.0,4,200,4.485136581420899,0.042,50.16444775390625,723.59733984375,81.94710349395264,1.0,0.0013995108157396317,0.061017513275146484,2.163213623046875,0.061017513275146484,0.0026843060150169695,14.506701469421387,0.1160536117553711,3.3307304587215185,5233.18115234375,5828.0,1.4901430677510563,6.99603315708177,1e-05,0.002
dp-coordnorm-sgdm-iid,20261001,0.008,0.018593019388332428,1.0,5,201,4.474281188964844,0.038,50.476670654296875,727.5084140625,80.05074308378336,1.0,0.001390790842473507,0.05971788242459297,2.03318798828125,0.05971788242459297,0.0026843060150169695,14.510438919067383,0.11608351135253907,12.574511395767331,5233.18115234375,5828.0,1.6660305978457184,8.000000000000005,1e-05,0.002
dp-coordnorm-sgdm-iid,20261001,0.008,0.018593019388332428,1.0,5,202,4.48405014038086,0.037,50.163501220703125,725.2162265625,77.01595114292076,1.0,0.0013943206891417503,0.0625995621085167,2.236221435546875,0.0625995621085167,0.0026843060150169695,14.513701438903809,0.11610961151123048,2.0626596827059984,5233.18115234375,5828.0,1.6660305978457184,8.000000000000005,1e-05,0.002
dp-coordnorm-sgdm-iid,20261001,0.008,0.018593019388332428,1.0,5,203,4.475980056762696,0.039,49.53666015625,720.24178125,76.27900459384018,1.0,0.0014038273617625237,0.061146270483732224,2.06860107421875,0.061146270483732224,0.0026843060150169695,14.512483596801758,0.11609986877441407,2.0780680421739817,5233.18115234375,5828.0,1.6660305978457184,8.000000000000005,1e-05,0.002
dp-coordnorm-sgdm-iid,20261001,0.008,0.018593019388332428,1.0,5,204,4.468730987548828,0.042,50.16654931640625,724.7862890625,78.93334648303056,1.0,0.0013956281542778016,0.06272861361503601,2.300679443359375,0.06272861361503601,0.0026843060150169695,14.510885238647461,0.11608708190917968,2.191108724102378,5233.18115234375,5828.0,1.6660305978457184,8.000000000000005,1e-05,0.002
dp-coordnorm-sgdm-iid,20261001,0.008,0.018593019388332428,1.0,5,205,4.477096481323242,0.035,50.05767626953125,724.71954296875,77.0410023245159,1.0,0.001395279735326767,0.06142590939998627,2.225303955078125,0.06142590939998627,0.0026843060150169695,14.514512062072754,0.11611609649658203,2.0541651975363493,5233.18115234375,5828.0,1.6660305978457184,8.000000000000005,1e-05,0.002
dp-coordnorm-sgdm-iid,20261001,0.008,0.018593019388332428,1.0,5,206,4.454492752075195,0.047,50.803393798828125,732.10871875,77.18440211748415,1.0,0.0013810717463493348,0.05922460928559303,2.132579833984375,0.05922460928559303,0.0026843060150169695,14.512574195861816,0.11610059356689453,1.9509293884038925,5233.18115234375,5828.0,1.6660305978457184,8.000000000000005,1e-05,0.002
dp-coordnorm-sgdm-iid,20261001,0.008,0.018593019388332428,1.0,5,207,4.472753402709961,0.036,50.312567626953125,727.5079453125,77.0516937333918,1.0,0.0013897783011198044,0.0594046488404274,2.05986474609375,0.0594046488404274,0.0026843060150169695,14.519427299499512,0.1161554183959961,1.9491133764386177,5233.18115234375,5828.0,1.6660305978457184,8.000000000000005,1e-05,0.002
dp-coordnorm-sgdm-iid,20261001,0.008,0.018593019388332428,1.0,5,208,4.480060317993164,0.039,50.48474951171875,728.6210234375,75.38285086735692,1.0,0.0013871674910187722,0.060316383838653564,2.130985595703125,0.060316383838653564,0.0026843060150169695,14.517593383789062,0.11614074707031251,2.0046967659145594,5233.18115234375,5828.0,1.6660305978457184,8.000000000000005,1e-05,0.002
dp-coordnorm-sgdm-iid,20261001,0.008,0.018593019388332428,1.0,5,209,4.469551208496093,0.036,51.174513671875,732.7005546875,81.40404879752414,1.0,0.0013813815489411355,0.05972573161125183,2.12807275390625,0.05972573161125183,0.0026843060150169695,14.515490531921387,0.1161239242553711,2.0023252945393324,5233.18115234375,5828.0,1.6660305978457184,8.000000000000005,1e-05,0.002
dp-coordnorm-sgdm-iid,20261001,0.008,0.018593019388332428,1.0,5,210,4.456168960571289,0.044,50.905828125,731.91124609375,77.13843297276738,1.0,0.0013811060115695,0.05932670086622238,2.118467529296875,0.05932670086622238,0.0026843060150169695,14.511077880859375,0.116088623046875,2.036771271377802,5233.18115234375,5828.0,1.6660305978457184,8.000000000000005,1e-05,0.002
dp-coordnorm-sgdm-iid,20261001,0.008,0.018593019388332428,1.0,5,211,4.462601928710938,0.03,50.99223754882812,729.31094140625,78.32675625307984,1.0,0.0013866769969463348,0.06019027903676033,2.162249267578125,0.06019027903676033,0.0026843060150169695,14.512368202209473,0.11609894561767578,2.065804921090603,5233.18115234375,5828.0,1.6660305978457184,8.000000000000005,1e-05,0.002
dp-coordnorm-sgdm-iid,20261001,0.008,0.018593019388332428,1.0,5,212,4.468817764282226,0.037,50.085209716796875,726.819609375,77.40237352932006,1.0,0.0013913061693310738,0.06136229634284973,2.20717236328125,0.06136229634284973,0.0026843060150169695,14.510390281677246,0.11608312225341798,2.02398195117712,5233.18115234375,5828.0,1.6660305978457184,8.000000000000005,1e-05,0.002
dp-coordnorm-sgdm-iid,20261001,0.008,0.018593019388332428,1.0,5,213,4.458748687744141,0.035,51.59460400390625,737.03928125,79.6366240776399,1.0,0.0013725189343094825,0.05947325751185417,2.250484619140625,0.05947325751185417,0.0026843060150169695,14.512211799621582,0.11609769439697266,1.973794186487794,5233.18115234375,5828.0,1.6660305978457184,8.000000000000005,1e-05,0.002
dp-coordnorm-sgdm-iid,20261001,0.008,0.018593019388332428,1.0,5,214,4.4653984069824215,0.038,51.60949536132812,737.1308828125,76.52608446839858,1.0,0.0013712291792035104,0.06035454571247101,2.28108251953125,0.06035454571247101,0.0026843060150169695,14.513530731201172,0.11610824584960938,2.026537084951997,5233.18115234375,5828.0,1.6660305978457184,8.000000000000005,1e-05,0.002
dp-coordnorm-sgdm-iid,20261001,0.008,0.018593019388332428,1.0,5,215,4.45201789855957,0.033,51.710546630859376,736.46237109375,78.66184566212294,1.0,0.0013731472492218017,0.058603350073099136,2.203077880859375,0.058603350073099136,0.0026843060150169695,14.511940956115723,0.11609552764892578,2.1080817338079214,5233.18115234375,5828.0,1.6660305978457184,8.000000000000005,1e-05,0.002
dp-coordnorm-sgdm-iid,20261001,0.008,0.018593019388332428,1.0,5,216,4.4580533294677736,0.04,51.214767333984376,733.3940859375,77.37829612946261,1.0,0.0013785443603992462,0.058857738971710205,2.059296875,0.058857738971710205,0.0026843060150169695,14.513299942016602,0.11610639953613282,2.05079005099833,5233.18115234375,5828.0,1.6660305978457184,8.000000000000005,1e-05,0.002
dp-coordnorm-sgdm-iid,20261001,0.008,0.018593019388332428,1.0,5,217,4.460804290771485,0.039,51.59171313476563,736.56315625,77.95559540557741,1.0,0.0013725819811224937,0.060843080282211304,2.40889990234375,0.060843080282211304,0.0026843060150169695,14.51407241821289,0.11611257934570313,2.068645015358925,5233.18115234375,5828.0,1.6660305978457184,8.000000000000005,1e-05,0.002
dp-coordnorm-sgdm-iid,20261001,0.008,0.018593019388332428,1.0,5,218,4.480284439086914,0.032,51.18719799804688,734.201140625,76.65059102804727,1.0,0.0013766562417149544,0.05930430814623833,2.112439208984375,0.05930430814623833,0.0026843060150169695,14.514043807983398,0.11611235046386718,2.087287215515971,5233.18115234375,5828.0,1.6660305978457184,8.000000000000005,1e-05,0.002
dp-coordnorm-sgdm-iid,20261001,0.008,0.018593019388332428,1.0,5,219,4.4741870880126955,0.041,52.425896728515625,743.00774609375,77.7422745016216,1.0,0.0013605008497834207,0.058760207146406174,2.1723046875,0.058760207146406174,0.0026843060150169695,14.51101016998291,0.11608808135986329,1.980047145858407,5233.18115234375,5828.0,1.6660305978457184,8.000000000000005,1e-05,0.002
dp-coordnorm-sgdm-iid,20261001,0.008,0.018593019388332428,1.0,5,220,4.4494787750244145,0.049,52.099218505859376,738.98125,78.11385375487134,1.0,0.001368255317211151,0.059465669095516205,2.252623291015625,0.059465669095516205,0.0026843060150169695,14.51343822479248,0.11610750579833985,2.082469681277871,5233.18115234375,5828.0,1.6660305978457184,8.000000000000005,1e-05,0.002
dp-coordnorm-sgdm-iid,20261001,0.008,0.018593019388332428,1.0,5,221,4.455751983642578,0.037,51.65334790039063,738.65199609375,75.83809508893786,1.0,0.001367945522069931,0.058930058032274246,2.1071591796875,0.058930058032274246,0.0026843060150169695,14.51476001739502,0.11611808013916015,2.0511518251150846,5233.18115234375,5828.0,1.6660305978457184,8.000000000000005,1e-05,0.002
dp-coordnorm-sgdm-iid,20261001,0.008,0.018593019388332428,1.0,5,222,4.433770965576172,0.051,52.24488598632813,742.56483203125,79.23109383569935,1.0,0.0013619889914989471,0.06082350015640259,2.397203369140625,0.06082350015640259,0.0026843060150169695,14.512834548950195,0.11610267639160156,2.039768733084202,5233.18115234375,5828.0,1.6660305978457184,8.000000000000005,1e-05,0.002
dp-coordnorm-sgdm-iid,20261001,0.008,0.018593019388332428,1.0,5,223,4.458987243652344,0.037,52.91714208984375,746.79848828125,77.12207142472026,1.0,0.0013531525135040284,0.05802183598279953,2.21619384765625,0.05802183598279953,0.0026843060150169695,14.513819694519043,0.11611055755615235,2.0817202609032393,5233.18115234375,5828.0,1.6660305978457184,8.000000000000005,1e-05,0.002
dp-coordnorm-sgdm-iid,20261001,0.008,0.018593019388332428,1.0,5,224,4.454157073974609,0.043,52.46096923828125,741.0631328125,79.12030830401814,1.0,0.0013646033257246018,0.05904921516776085,2.236233642578125,0.05904921516776085,0.0026843060150169695,14.5123872756958,0.11609909820556641,2.0684998724609613,5233.18115234375,5828.0,1.6660305978457184,8.000000000000005,1e-05,0.002
dp-coordnorm-sgdm-iid,20261001,0.008,0.018593019388332428,1.0,5,225,4.464777801513672,0.025,53.2011650390625,748.452515625,81.5954646693619,1.0,0.001351840004324913,0.058503106236457825,2.279676513671875,0.058503106236457825,0.0026843060150169695,14.511822700500488,0.1160945816040039,2.0768169555813074,5233.18115234375,5828.0,1.6660305978457184,8.000000000000005,1e-05,0.002
dp-coordnorm-sgdm-iid,20261001,0.008,0.018593019388332428,1.0,5,226,4.459843933105469,0.035,52.31812231445313,743.326234375,77.13852014319797,1.0,0.0013594192117452621,0.058401476591825485,2.170576904296875,0.058401476591825485,0.0026843060150169695,14.510660171508789,0.11608528137207032,2.07182246632874,5233.18115234375,5828.0,1.6660305978457184,8.000000000000005,1e-05,0.002
dp-coordnorm-sgdm-iid,20261001,0.008,0.018593019388332428,1.0,5,227,4.438500076293946,0.053,53.10581591796875,748.143671875,76.18116718318443,1.0,0.001350568398833275,0.06203025206923485,2.60683056640625,0.06203025206923485,0.0026843060150169695,14.508028984069824,0.1160642318725586,2.038130585104227,5233.18115234375,5828.0,1.6660305978457184,8.000000000000005,1e-05,0.002
dp-coordnorm-sgdm-iid,20261001,0.008,0.018593019388332428,1.0,5,228,4.428612854003906,0.04,52.80791259765625,745.64449609375,76.41355537532358,1.0,0.001355011872947216,0.0586581788957119,2.22286865234375,0.0586581788957119,0.0026843060150169695,14.506841659545898,0.11605473327636719,2.1328410264104605,5233.18115234375,5828.0,1.6660305978457184,8.000000000000005,1e-05,0.002
dp-coordnorm-sgdm-iid,20261001,0.008,0.018593019388332428,1.0,5,229,4.428002700805664,0.048,52.78041430664062,747.10370703125,75.99834827260463,1.0,0.001352303810417652,0.06250903010368347,2.48792431640625,0.06250903010368347,0.0026843060150169695,14.51098346710205,0.11608786773681641,2.022072307765484,5233.18115234375,5828.0,1.6660305978457184,8.000000000000005,1e-05,0.002
dp-coordnorm-sgdm-iid,20261001,0.008,0.018593019388332428,1.0,5,230,4.451921249389648,0.041,53.27613598632813,750.04383203125,80.28415803804694,1.0,0.001348421037197113,0.058405227959156036,2.2671484375,0.058405227959156036,0.0026843060150169695,14.506778717041016,0.11605422973632813,2.0260936096310616,5233.18115234375,5828.0,1.6660305978457184,8.000000000000005,1e-05,0.002
dp-coordnorm-sgdm-iid,20261001,0.008,0.018593019388332428,1.0,5,231,4.4381605224609375,0.033,52.79255615234375,746.12353515625,77.92097462134441,1.0,0.0013547360002994537,0.058554474264383316,2.22246826171875,0.058554474264383316,0.0026843060150169695,14.512201309204102,0.11609761047363282,2.0121355671435595,5233.18115234375,5828.0,1.6660305978457184,8.000000000000005,1e-05,0.002
dp-coordnorm-sgdm-iid,20261001,0.008,0.018593019388332428,1.0,5,232,4.44284814453125,0.035,53.280061767578125,751.24867578125,75.81325172368194,1.0,0.0013445756435394288,0.05978573113679886,2.347033203125,0.05978573113679886,0.0026843060150169695,14.512068748474121,0.11609654998779297,2.0581521447747946,5233.18115234375,5828.0,1.6660305978457184,8.000000000000005,1e-05,0.002
dp-coordnorm-sgdm-iid,20261001,0.008,0.018593019388332428,1.0,5,233,4.447965759277344,0.039,53.83458349609375,752.4783515625,79.14556481435058,1.0,0.0013435507342219352,0.0584484338760376,2.299923828125,0.0584484338760376,0.0026843060150169695,14.510157585144043,0.11608126068115235,2.072833616286516,5233.18115234375,5828.0,1.6660305978457184,8.000000000000005,1e-05,0.002
dp-coordnorm-sgdm-iid,20261001,0.008,0.018593019388332428,1.0,5,234,4.446165374755859,0.036,54.21324951171875,756.46185546875,77.75846719667271,1.0,0.0013357771635055542,0.05871334299445152,2.321416748046875,0.05871334299445152,0.0026843060150169695,14.51052188873291,0.11608417510986328,1.9821436796337366,5233.18115234375,5828.0,1.6660305978457184,8.000000000000005,1e-05,0.002
dp-coordnorm-sgdm-iid,20261001,0.008,0.018593019388332428,1.0,5,235,4.424403167724609,0.05,54.081901123046876,756.7056953125,75.27026425904107,1.0,0.0013345178067684174,0.05785880237817764,2.302107421875,0.05785880237817764,0.0026843060150169695,14.509885787963867,0.11607908630371094,2.105881681665778,5233.18115234375,5828.0,1.6660305978457184,8.000000000000005,1e-05,0.002
dp-coordnorm-sgdm-iid,20261001,0.008,0.018593019388332428,1.0,5,236,4.453346954345703,0.055,54.3008291015625,756.2291953125,77.91610973995486,1.0,0.0013364478796720504,0.05825658142566681,2.29507177734375,0.05825658142566681,0.0026843060150169695,14.509871482849121,0.11607897186279297,2.0235796440392733,5233.18115234375,5828.0,1.6660305978457184,8.000000000000005,1e-05,0.002
dp-coordnorm-sgdm-iid,20261001,0.008,0.018593019388332428,1.0,5,237,4.442723297119141,0.053,54.487741943359374,758.4001015625,81.71963013860086,1.0,0.001333942726254463,0.05624854937195778,2.21250537109375,0.05624854937195778,0.0026843060150169695,14.50932502746582,0.11607460021972657,2.0160295478999615,5233.18115234375,5828.0,1.6660305978457184,8.000000000000005,1e-05,0.002
dp-coordnorm-sgdm-iid,20261001,0.008,0.018593019388332428,1.0,5,238,4.41270703125,0.057,54.64138623046875,759.6948359375,76.88823219384722,1.0,0.0013298180922865868,0.05834859609603882,2.35598486328125,0.05834859609603882,0.0026843060150169695,14.509237289428711,0.11607389831542969,2.056361550465226,5233.18115234375,5828.0,1.6660305978457184,8.000000000000005,1e-05,0.002
dp-coordnorm-sgdm-iid,20261001,0.008,0.018593019388332428,1.0,5,239,4.425068099975586,0.047,54.65811401367188,760.0014296875,77.68830589577713,1.0,0.0013295447453856469,0.05824602022767067,2.3330537109375,0.05824602022767067,0.0026843060150169695,14.510279655456543,0.11608223724365235,2.050913980230689,5233.18115234375,5828.0,1.6660305978457184,8.000000000000005,1e-05,0.002
dp-coordnorm-sgdm-iid,20261001,0.008,0.018593019388332428,1.0,5,240,4.421566070556641,0.044,54.1934130859375,756.3088828125,76.1434683929501,1.0,0.0013355625867843628,0.05780484527349472,2.284920166015625,0.05780484527349472,0.0026843060150169695,14.505607604980469,0.11604486083984375,1.967504220083356,5233.18115234375,5828.0,1.6660305978457184,8.000000000000005,1e-05,0.002
dp-coordnorm-sgdm-iid,20261001,0.008,0.018593019388332428,1.0,5,241,4.44625619506836,0.045,54.59724731445313,758.7495078125,79.39473782492699,1.0,0.0013323407992720604,0.05771813541650772,2.228020751953125,0.05771813541650772,0.0026843060150169695,14.506193161010742,0.11604954528808593,2.085225995630026,5233.18115234375,5828.0,1.6660305978457184,8.000000000000005,1e-05,0.002
dp-coordnorm-sgdm-iid,20261001,0.008,0.018593019388332428,1.0,5,242,4.421122329711914,0.054,54.815805908203124,761.59823828125,77.71384334142981,1.0,0.0013265776932239533,0.05769709125161171,2.31993994140625,0.05769709125161171,0.0026843060150169695,14.507699012756348,0.11606159210205079,1.9887497127056122,5233.18115234375,5828.0,1.6660305978457184,8.000000000000005,1e-05,0.002
dp-coordnorm-sgdm-iid,20261001,0.008,0.018593019388332428,1.0,5,243,4.44459927368164,0.046,54.88013525390625,762.54518359375,77.46509522342382,1.0,0.001324988752603531,0.05771247670054436,2.318127685546875,0.05771247670054436,0.0026843060150169695,14.505287170410156,0.11604229736328125,2.024729086086154,5233.18115234375,5828.0,1.6660305978457184,8.000000000000005,1e-05,0.002
dp-coordnorm-sgdm-iid,20261001,0.008,0.018593019388332428,1.0,5,244,4.414090393066406,0.045,55.21416870117187,762.5338984375,79.4091035946655,1.0,0.001325419396162033,0.05827808007597923,2.350813232421875,0.05827808007597923,0.0026843060150169695,14.507425308227539,0.11605940246582032,1.975736577063799,5233.18115234375,5828.0,1.6660305978457184,8.000000000000005,1e-05,0.002
dp-coordnorm-sgdm-iid,20261001,0.008,0.018593019388332428,1.0,5,245,4.4235015411376954,0.038,54.82712963867188,762.07282421875,79.82702917720407,1.0,0.0013264062851667405,0.057261668145656586,2.286700927734375,0.057261668145656586,0.0026843060150169695,14.503531455993652,0.11602825164794922,2.0094759315252304,5233.18115234375,5828.0,1.6660305978457184,8.000000000000005,1e-05,0.002
dp-coordnorm-sgdm-iid,20261001,0.008,0.018593019388332428,1.0,5,246,4.41788395690918,0.049,54.9385615234375,761.1057734375,80.36369603312782,1.0,0.0013283630013465881,0.058886028826236725,2.34483935546875,0.058886028826236725,0.0026843060150169695,14.506439208984375,0.11605151367187501,2.0839324090629816,5233.18115234375,5828.0,1.6660305978457184,8.000000000000005,1e-05,0.002
dp-coordnorm-sgdm-iid,20261001,0.008,0.018593019388332428,1.0,5,247,4.40829817199707,0.04,54.84361669921875,761.95225390625,78.9337745656802,1.0,0.001326459899544716,0.057336341589689255,2.301623046875,0.057336341589689255,0.0026843060150169695,14.507474899291992,0.11605979919433594,2.2003402560949326,5233.18115234375,5828.0,1.6660305978457184,8.000000000000005,1e-05,0.002
dp-coordnorm-sgdm-iid,20261001,0.008,0.018593019388332428,1.0,5,248,4.435094863891601,0.048,54.79916088867188,760.23594921875,76.35565149657323,1.0,0.0013285611271858216,0.05784314125776291,2.375642333984375,0.05784314125776291,0.0026843060150169695,14.509991645812988,0.1160799331665039,2.091001646593213,5233.18115234375,5828.0,1.6660305978457184,8.000000000000005,1e-05,0.002
dp-coordnorm-sgdm-iid,20261001,0.008,0.018593019388332428,1.0,5,249,4.4448792877197265,0.034,55.27877661132813,765.47351953125,75.78681215383759,1.0,0.001319268546998501,0.05784520506858826,2.33013671875,0.05784520506858826,0.0026843060150169695,14.512799263000488,0.11610239410400391,1.9926706198602915,5233.18115234375,5828.0,1.6660305978457184,8.000000000000005,1e-05,0.002
dp-coordnorm-sgdm-iid,20261001,0.008,0.018593019388332428,1.0,5,250,4.423059967041016,0.053,55.53544262695313,766.0802890625,81.00694235629696,1.0,0.0013197764754295349,0.058692269027233124,2.42050439453125,0.058692269027233124,0.0026843060150169695,14.513602256774902,0.11610881805419922,2.652487935498357,5276.53125,5850.0,1.6660305978457184,8.000000000000005,1e-05,0.002
