epoch,train_loss,step,raw_update_norm,clipped_update_norm,clip_scale,clip_indicator,update_rms,clipped_update_rms,noise_marginal_std,parameter_noise_std,signal_parameter_norm,noise_signal_rms_ratio,realized_noise_rms,realized_noise_signal_rms_ratio,adam_m_norm,vhat_min,vhat_max,vhat_mean,vhat_rms
1,5.169875,1,2353.65771484375,55.91465759277344,0.023756494939828322,1,0.9996381409814756,0.023747898437885818,1061.3110756202675,1.0613110756202675,0.05591465759277344,44690.73667281322,1060.9004854142372,44673.44713424187,0.5621164378961728,0.0,0.3204405312922951,5.699694749029027e-06,0.0002877942423728166
1,138.8825390625,2,1724.1126708984375,55.91465759277344,0.03243097654611878,1,0.7322597395152406,0.023747898437885818,1061.3110756202675,1.0613110756202675,0.05591465759277344,44690.73667281322,1061.6888661067628,44706.64504834731,4874.095413747145,1.6535336306963214e-24,17233008.188862108,214.37525857414656,14818.1656529334
1,286.345546875,3,1415.59765625,55.9146614074707,0.039498975818379495,1,0.6012282077155922,0.023747900058052104,1061.3110756202675,1.0613110756202675,0.05591466140747071,44690.733623852066,1061.5831116057857,44702.18878345999,10538.984123329292,4.308293020158404e-21,122379693.92383589,680.1540528411037,75585.3711009119
1,301.559078125,4,1237.746826171875,55.9146614074707,0.04517455137873976,1,0.5256919595899331,0.023747900058052104,1061.3110756202675,1.0613110756202675,0.05591466140747071,44690.733623852066,1061.681008844642,44706.31113695723,14958.779034543524,8.878466497491892e-21,91757999.08180106,1138.0818933014807,92916.58605862995
1,424.3188203125,5,1095.4346923828125,55.91465759277344,0.05104335108389411,1,0.46524959536559657,0.023747898437885818,1061.3110756202675,1.0613110756202675,0.05591465759277344,44690.73667281322,1061.3469690252905,44692.24810781943,13490.889187734114,7.676254319318923e-21,73373558.4516248,910.3262119188723,74305.03953346645
1,488.0457265625,6,1015.2705078125,55.9146614074707,0.05507365491512903,1,0.4312025136970189,0.023747900058052104,1061.3110756202675,1.0613110756202675,0.05591466140747071,44690.733623852066,1061.0441458959863,44679.49348372899,12215.259691843112,2.8636478140795226e-20,61887112.19385628,787.966133661967,63132.31643089401
1,569.277421875,7,981.6607055664062,55.91465759277344,0.05695925005016001,1,0.4169278636388771,0.023747898437885818,1061.3110756202675,1.0613110756202675,0.05591465759277344,44690.73667281322,1060.885089427649,44672.79882480816,164141.46439057807,2.5625577390072015e-20,4117952521.0425987,70083.23320993732,4202207.788444623
1,609.184453125,8,948.1243896484375,55.91465759277344,0.05897396818734562,1,0.40268442446410685,0.023747898437885818,1061.3110756202675,1.0613110756202675,0.05591465759277344,44690.73667281322,1060.5905482773371,44660.39599467638,147919.95923553823,5.99760146491025e-20,3601419753.935555,61358.72794822446,3676104.151306913
1,549.961890625,9,875.18408203125,55.91465759277344,0.0638890248814842,1,0.37170544521439774,0.023747898437885818,1061.3110756202675,1.0613110756202675,0.05591465759277344,44690.73667281322,1061.4043058029285,44694.66250157255,133134.40957034176,5.333846423661562e-20,3199659268.601526,54515.28718458799,3266022.136485328
1,719.894765625,10,806.6889038085938,55.91465759277344,0.06931378047818113,1,0.34261438741407674,0.023747898437885818,1061.3110756202675,1.0613110756202675,0.05591465759277344,44690.73667281322,1061.9581366032269,44717.9837567879,119826.07864461547,6.620246085501346e-20,2878287771.68245,49039.50847459271,2937959.961216748
1,544.86540625,11,750.7295532226562,55.9146614074707,0.0744804268764279,1,0.31884750710796106,0.023747900058052104,1061.3110756202675,1.0613110756202675,0.05591466140747071,44690.733623852066,1061.2914372943555,44689.906673853795,107844.67329493459,8.656013571797224e-20,2615322865.5696545,44559.26779583515,2669538.981905375
1,603.886859375,12,700.5361938476562,55.91465759277344,0.07981694319841674,1,0.2975295405494417,0.023747898437885818,1061.3110756202675,1.0613110756202675,0.05591465759277344,44690.73667281322,1061.3483493551225,44692.306232113486,97060.34374022082,8.157775110193034e-20,2396178147.587238,40825.57808060099,2445851.7719589807
1,741.73275,13,683.1786499023438,55.914649963378906,0.08184485507673007,1,0.2901574987898996,0.023747895197553243,1061.3110756202675,1.0613110756202675,0.05591464996337891,44690.74277073679,1061.4590942793386,44696.975687710685,87338.34012254053,7.534321494468784e-20,2210748308.248879,37666.99150779352,2256589.8196928296
1,809.503390625,14,662.3851928710938,55.91465759277344,0.0844141115993439,1,0.2813261667741155,0.023747898437885818,1061.3110756202675,1.0613110756202675,0.05591465759277344,44690.73667281322,1061.7671201903172,44709.94024871037,78592.74057310045,6.998001086495866e-20,2051809229.3414662,34959.276901242956,2094357.5632340075
1,756.981125,15,620.4996337890625,55.9146614074707,0.0901123136065887,1,0.26353666316419444,0.023747900058052104,1061.3110756202675,1.0613110756202675,0.05591466140747071,44690.733623852066,1060.8966629623947,44673.283126887705,70740.72899199967,6.670356233444148e-20,1914067945.8556325,32612.715235064832,1953759.537158242
1,968.542,16,651.617431640625,55.91465759277344,0.0858090267045082,1,0.27675291691239007,0.023747898437885818,1061.3110756202675,1.0613110756202675,0.05591465759277344,44690.73667281322,1061.3657627468497,44693.03949243851,63653.892831614205,6.39733549813746e-20,1793539188.3234034,30559.920256955997,1830744.9262787905
1,1188.7251875,17,621.7085571289062,55.91466522216797,0.08993708861108692,1,0.2640501133028484,0.023747901678218393,1061.3110756202675,1.0613110756202675,0.05591466522216797,44690.73057489131,1060.9141825333397,44674.01781044139,57290.398968208705,7.385385009679785e-20,1687190412.0447478,28747.88239724914,1722190.5328940453
1,1138.5556875,18,635.972900390625,55.91465759277344,0.08791987450790707,1,0.2701084205454598,0.023747898437885818,1061.3110756202675,1.0613110756202675,0.05591465759277344,44690.73667281322,1061.4611116844776,44697.054539827965,51581.014371658224,7.007477847454195e-20,1592659108.2999797,27137.72004883353,1625702.203411678
1,1344.374625,19,628.238037109375,55.914649963378906,0.08900234352260146,1,0.26682329361198476,0.023747895197553243,1061.3110756202675,1.0613110756202675,0.05591464996337891,44690.74277073679,1061.2397280152634,44687.73839479481,46417.96751188722,2.3678330127129323e-19,1508086333.0126176,25698.07139595195,1539375.6433640476
1,1347.231375,20,642.9315795898438,55.9146614074707,0.08696828615642745,1,0.27306388900398854,0.023747900058052104,1061.3110756202675,1.0613110756202675,0.05591466140747071,44690.733623852066,1061.5243944983154,44699.71626558149,41778.47665031697,2.248313120463821e-19,1431966154.0197966,24400.959665120015,1461674.0878831767
1,1249.2494375,21,657.49853515625,55.91465759277344,0.08504149378748913,1,0.27925072079789226,0.023747898437885818,1061.3110756202675,1.0613110756202675,0.05591465759277344,44690.73667281322,1061.2540622096728,44688.335895719465,37599.55473029838,2.14201569153685e-19,1363093132.4671395,23227.43855459537,1391373.161751479
1,952.0558125,22,642.1734619140625,55.9146614074707,0.08707095653892982,1,0.272741903636582,0.023747900058052104,1061.3110756202675,1.0613110756202675,0.05591466140747071,44690.733623852066,1061.1694373730477,44684.76938082957,33829.860154499045,2.0438089932567246e-19,1300502382.1816156,22161.20159419318,1327473.8894888323
1,1102.271375,23,613.7267456054688,55.9146614074707,0.09110676370737458,1,0.26066010328455513,0.023747900058052104,1061.3110756202675,1.0613110756202675,0.05591466140747071,44690.733623852066,1061.2407898074418,44687.77395951737,30447.204691733725,1.954059432605302e-19,1243334335.0298467,21187.032588809416,1269120.2655225096
1,1018.81490625,24,593.9384155273438,55.91466522216797,0.09414218062175377,1,0.2522556656436563,0.023747901678218393,1061.3110756202675,1.0613110756202675,0.05591466522216797,44690.73057489131,1060.5060296199297,44656.8309061439,27413.930244343625,1.8717349300554845e-19,1190930519.622363,20294.98381092996,1215643.3989789123
1,1157.3164375,25,587.7141723632812,55.9146614074707,0.09513920239141545,1,0.24961212456021836,0.023747900058052104,1061.3110756202675,1.0613110756202675,0.05591466140747071,44690.733623852066,1061.8673533719664,44714.15791611954,24680.475471030088,1.7961403458716816e-19,1142719297.8884077,19473.475189412307,1166432.65195816
1,1435.86015625,26,600.0830688476562,55.9146614074707,0.0931781956457241,1,0.25486540357766196,0.023747900058052104,1061.3110756202675,1.0613110756202675,0.05591466140747071,44690.733623852066,1061.0849187156402,44681.2103858363,22213.13480545194,1.7275100981263772e-19,1098216702.3076165,18715.094379923117,1121006.648388404
1,1648.5958125,27,624.9768676757812,55.91465759277344,0.08946676346712441,1,0.2654382199330621,0.023747898437885818,1061.3110756202675,1.0613110756202675,0.05591465759277344,44690.73667281322,1061.3772301023773,44693.52237118914,19989.017214920466,1.6627124583866212e-19,1057011745.8134836,18012.99582470787,1078947.279382504
1,1476.337125,28,653.9124145507812,55.91465759277344,0.08550786978281362,1,0.27772763487389496,0.023747898437885818,1061.3110756202675,1.0613110756202675,0.05591465759277344,44690.73667281322,1061.6976789818443,44707.016149609364,18006.442812610876,1.602830944474314e-19,1018749238.4854466,17361.328984248394,1039897.3638616203
1,1812.5581875,29,697.01708984375,55.91465759277344,0.08021992345310759,1,0.2960349177067915,0.023747898437885818,1061.3110756202675,1.0613110756202675,0.05591465759277344,44690.73667281322,1061.894110534864,44715.287683763585,16202.69280459913,2.8072078288262265e-19,983128555.7009226,16754.305202648957,1003535.5203122947
1,1921.6725,30,722.6325073242188,55.91465759277344,0.07737633863139591,1,0.3069142176785548,0.023747898437885818,1061.3110756202675,1.0613110756202675,0.05591465759277344,44690.73667281322,1061.9752314573004,44718.7036038143,14584.492333006414,3.172885527784931e-19,949879993.1347297,16187.694879060506,969596.8660433703
1,1595.8729375,31,748.3198852539062,55.91465759277344,0.07472026160817775,1,0.3178240804671745,0.023747898437885818,1061.3110756202675,1.0613110756202675,0.05591465759277344,44690.73667281322,1061.4740655490552,44697.60001397219,19844.91512777203,3.0723885438995665e-19,919309784.2395744,15789.11735195445,939574.6942396235
1,1580.85334375,32,864.3133544921875,55.91466522216797,0.06469257625392719,1,0.36708846382422733,0.023747901678218393,1061.3110756202675,1.0613110756202675,0.05591466522216797,44690.73057489131,1061.607426646673,44703.20961537333,17949.002151655415,3.382937012522348e-19,890205744.9325497,15290.238425643181,909788.6848893134
1,1622.8979375,33,800.47314453125,55.91465759277344,0.06985200937067859,1,0.33997444958046324,0.023747898437885818,1061.3110756202675,1.0613110756202675,0.05591465759277344,44690.73667281322,1061.3034355459724,44690.41495700688,17294.469549184603,3.642912971738616e-19,862800380.1817908,14839.683622359531,882097.5714427286
1,1593.0455625,34,760.120849609375,55.9146614074707,0.07356022088001914,1,0.32283614912766473,0.023747900058052104,1061.3110756202675,1.0613110756202675,0.05591466140747071,44690.733623852066,1061.2256061792896,44687.134592326365,15569.002777092745,3.53414484952869e-19,837002943.6371199,14396.020765030711,855723.6233210111
1,1665.23396875,35,738.8209228515625,55.91465759277344,0.07568093412536901,1,0.3137897108741591,0.023747898437885818,1061.3110756202675,1.0613110756202675,0.05591465759277344,44690.73667281322,1061.3740447258417,44693.388238202846,14015.758888758884,3.437596100066238e-19,812679589.3692648,13977.6929986517,830856.502406092
1,1758.01128125,36,689.1074829101562,55.91465759277344,0.0811406913717456,1,0.292675574195997,0.023747898437885818,1061.3110756202675,1.0613110756202675,0.05591465759277344,44690.73667281322,1061.3081074315578,44690.61168538676,12613.485773062286,3.3404409204513293e-19,789707696.9032294,13582.589277736,807370.7951081808
1,1874.32925,37,664.9263305664062,55.9146614074707,0.08409150761881166,1,0.28240543082585073,0.023747900058052104,1061.3110756202675,1.0613110756202675,0.05591466140747071,44690.733623852066,1061.300993423962,44690.30907278519,11346.948557573372,3.2485235845738565e-19,767977663.8682209,13208.850357223748,785154.8501245962
1,2049.05025,38,673.3848266601562,55.9146614074707,0.08303522054409526,1,0.28599789682348903,0.023747900058052104,1061.3110756202675,1.0613110756202675,0.05591466140747071,44690.733623852066,1060.9789518562272,44676.74822879699,10211.296430857303,3.161455183883843e-19,747391419.7358094,12854.784566805858,764108.2292197562
1,2168.2395625,39,656.9006958007812,55.91465759277344,0.08511888927840429,1,0.2789968083372412,0.023747898437885818,1061.3110756202675,1.0613110756202675,0.05591465759277344,44690.73667281322,1061.4596251754278,44696.99194443436,9193.810790289086,3.078842626102335e-19,727861013.2572418,12518.884719337086,744141.1460426286
1,2183.018375,40,708.0250244140625,55.91465759277344,0.07897271376678601,1,0.3007101732380077,0.023747898437885818,1061.3110756202675,1.0613110756202675,0.05591465759277344,44690.73667281322,1061.9063211449168,44715.80186021101,9983.286603420838,3.000444705508364e-19,709313271.2606939,12214.713669212486,725265.3153242745
1,2110.79496875,41,703.9478149414062,55.9146614074707,0.07943011741208053,1,0.298978513586762,0.023747900058052104,1061.3110756202675,1.0613110756202675,0.05591466140747071,44690.733623852066,1061.19300915941,44685.761964860365,8978.501064270722,2.9257894513167846e-19,691664600.2676758,11910.808234446937,707219.8170895686
1,2610.8395625,42,719.564697265625,55.91465377807617,0.07770622684138258,1,0.30561126698843694,0.02374789681771953,1061.3110756202675,1.0613110756202675,0.055914653778076175,44690.7397217748,1060.8408126938064,44670.9374239094,8076.895613405122,2.855512848466185e-19,674856752.4023263,11621.38899502961,690034.0447405964
1,2724.5264375,43,737.252685546875,55.91465759277344,0.07584191782400547,1,0.31312365403250836,0.023747898437885818,1061.3110756202675,1.0613110756202675,0.05591465759277344,44690.73667281322,1060.9207656448461,44674.30111425455,7283.531695027376,2.7880150877199344e-19,658831377.4449801,11345.445718586843,673647.8950106847
1,2527.488875,44,748.7050170898438,55.91465759277344,0.07468182570768554,1,0.3179876524556082,0.023747898437885818,1061.3110756202675,1.0613110756202675,0.05591465759277344,44690.73667281322,1061.6639139905685,44705.59433995475,6560.200159978719,3.052048181597975e-19,643533921.2758802,11082.049247390694,658006.4931784039
1,2642.31675,45,750.7709350585938,55.91465759277344,0.07447632158057582,1,0.318865082671853,0.023747898437885818,1061.3110756202675,1.0613110756202675,0.05591465759277344,44690.73667281322,1061.8766971431369,44714.55442343856,5903.209215739214,2.989647816203486e-19,628916161.7467265,10830.347707148978,643060.2976475495
1,2449.291125,46,775.0927124023438,55.91465759277344,0.072139315333607,1,0.329194951852039,0.023747898437885818,1061.3110756202675,1.0613110756202675,0.05591465759277344,44690.73667281322,1061.6301489992925,44704.17253030013,5362.7274810132885,2.923228762700301e-19,614934373.2308017,10589.684723474673,628764.7006473122
1,2436.2836875,47,763.4713745117188,55.91465759277344,0.07323739888549703,1,0.32425917358171685,0.023747898437885818,1061.3110756202675,1.0613110756202675,0.05591465759277344,44690.73667281322,1061.4337174462728,44695.900996145916,5606.402985867418,2.8618493159923757e-19,601548821.2519945,10362.468268125422,615127.4210098044
1,2646.5876875,48,756.8901977539062,55.91465759277344,0.07387419966423375,1,0.3214640367790459,0.023747898437885818,1061.3110756202675,1.0613110756202675,0.05591465759277344,44690.73667281322,1061.2656357444184,44688.82324556963,5052.545499829488,2.8044729755389865e-19,588719741.8671391,10141.48461273611,602008.8266208768
1,2618.369375,49,760.009521484375,55.9146614074707,0.0735709961680039,1,0.32278886619471653,0.023747900058052104,1061.3110756202675,1.0613110756202675,0.05591466140747071,44690.733623852066,1061.3414477059623,44692.01256159479,4569.344181189378,2.747447186362143e-19,576414307.583354,9929.578913049085,589425.8721050656
1,2780.1263125,50,717.9105224609375,55.914649963378906,0.07788527378189505,1,0.3049087110406508,0.023747895197553243,1061.3110756202675,1.0613110756202675,0.05591464996337891,44690.74277073679,1062.0338423855528,44721.17775283827,4113.831894367603,2.767694769731363e-19,564601181.3090546,9726.08274682867,577346.1078560931
2,3291.2126875,51,713.8475341796875,55.91465759277344,0.07832857146032919,1,0.30318309136932664,0.023747898437885818,1061.3110756202675,1.0613110756202675,0.05591465759277344,44690.73667281322,1062.0453097410805,44721.65452951256,3701.63667049495,2.7123238197460703e-19,553251406.9417641,9530.570021458581,565740.1729177865
2,3527.099625,52,732.1591186523438,55.9146614074707,0.0763695434070306,1,0.3109603302368255,0.023747900058052104,1061.3110756202675,1.0613110756202675,0.05591466140747071,44690.733623852066,1061.2446122592844,44687.93491908993,3336.2849604646412,2.987631226982601e-19,542338267.4629207,9342.580963611548,554580.7552790284
2,3704.0703125,53,763.7310791015625,55.9146614074707,0.07321249471548322,1,0.324369474502602,0.023747900058052104,1061.3110756202675,1.0613110756202675,0.05591466140747071,44690.733623852066,1061.0834322065903,44681.14779044697,3003.324345964865,2.934037455657059e-19,531837021.81009465,9161.68305783118,543842.4664332373
2,3475.548125,54,789.5477905273438,55.9146614074707,0.07081858535178434,1,0.3353342674090491,0.023747900058052104,1061.3110756202675,1.0613110756202675,0.05591466140747071,44690.733623852066,1060.8516429740268,44671.387380810884,2725.0524795466067,2.8787978575699252e-19,521724803.00335115,8987.521934847,533502.4534212403
2,3808.937625,55,816.2664794921875,55.9146614074707,0.06850049462714534,1,0.3466821453939547,0.023747900058052104,1061.3110756202675,1.0613110756202675,0.05591466140747071,44690.733623852066,1061.0214235433666,44678.5366684921,2454.5602939255646,2.825945655669449e-19,511980401.09028924,8819.66155720475,523538.0773507824
2,3792.3741875,56,841.461181640625,55.91465759277344,0.06644947956334095,1,0.35738276046615014,0.023747898437885818,1061.3110756202675,1.0613110756202675,0.05591465759277344,44690.73667281322,1061.108171964349,44682.192604947624,2213.8338128741316,2.775676379113803e-19,502584186.5784225,8657.798109658215,513929.7039330818
2,3563.135,57,882.4813232421875,55.9146614074707,0.0633607263067575,1,0.3748047066713166,0.023747900058052104,1061.3110756202675,1.0613110756202675,0.05591466140747071,44690.733623852066,1061.2074495330373,44686.3700343567,1998.0160954196863,2.7257970176227284e-19,493517713.7188092,8501.620806512794,504658.5493243376
2,4420.502875,58,896.66943359375,55.91465759277344,0.06235816176834956,1,0.3808306365108292,0.023747898437885818,1061.3110756202675,1.0613110756202675,0.05591465759277344,44690.73667281322,1061.0790788586585,44680.967523672894,1815.413288078964,2.677532452271277e-19,484763901.0900774,8350.829602368007,495707.2048120913
2,4600.330625,59,929.9244995117188,55.9146614074707,0.06012816913860523,1,0.39495462406551984,0.023747900058052104,1061.3110756202675,1.0613110756202675,0.05591466140747071,44690.733623852066,1061.8413394635934,44713.062496806284,3276.6575771171006,2.632151233922259e-19,476308414.55330807,8207.800510062803,487107.9256093011
2,4517.266375,60,942.4421997070312,55.91465759277344,0.05932953512709335,1,0.40027110252952464,0.023747898437885818,1061.3110756202675,1.0613110756202675,0.05591465759277344,44690.73667281322,1061.7268782667527,44708.245701983644,2950.552008497257,3.0628184125062366e-19,468133386.08410984,8066.928087619296,478747.53497365833
2,3985.3919375,61,977.8182983398438,55.91465759277344,0.057183075513831436,1,0.4152959284629887,0.023747898437885818,1061.3110756202675,1.0613110756202675,0.05591465759277344,44690.73667281322,1061.6230349916966,44703.87296663076,13751.248708253866,3.0111422839097816e-19,460349661.417112,7985.879481009083,471560.5410758871
2,4052.97975,62,989.1865844726562,55.9146614074707,0.05652589558984164,1,0.4201242313824319,0.023747900058052104,1061.3110756202675,1.0613110756202675,0.05591466140747071,44690.733623852066,1062.006448147348,44720.01505612104,12377.536684115716,2.961157841062235e-19,452695825.72078055,7853.106155267913,463720.3190447301
2,3768.9285625,63,1003.7957153320312,55.91465759277344,0.055703224011349986,1,0.42632897573481543,0.023747898437885818,1061.3110756202675,1.0613110756202675,0.05591465759277344,44690.73667281322,1061.2980204058622,44690.18693093019,11146.195649496356,2.912969241284774e-19,445285222.61453354,7724.556597657905,456129.187926091
2,3892.7985625,64,1026.555908203125,55.91465759277344,0.05446820494233577,1,0.43599561364335704,0.023747898437885818,1061.3110756202675,1.0613110756202675,0.05591465759277344,44690.73667281322,1061.7879313170156,44710.81658422076,10055.926462929148,2.8660053645385925e-19,438106269.483885,7600.2193610523245,448778.25955155847
2,3883.02975,65,1036.554931640625,55.9146614074707,0.05394278285307423,1,0.44024236759473023,0.023747900058052104,1061.3110756202675,1.0613110756202675,0.05591466140747071,44690.733623852066,1061.2983389435158,44690.19729530425,9051.598286221682,2.8213272947561575e-19,431148118.63957536,7479.510706916219,441650.6124198411
2,3877.27025,66,978.828369140625,55.91465759277344,0.057124067257944756,1,0.4157249225733832,0.023747898437885818,1061.3110756202675,1.0613110756202675,0.05591465759277344,44690.73667281322,1061.8684151641448,44714.20567767422,8148.55517854399,2.7781775552966985e-19,424401263.89824593,7362.516419622063,434739.4769039889
2,3515.660125,67,1006.5593872070312,55.91465759277344,0.055550281785085365,1,0.4275027538071258,0.023747898437885818,1061.3110756202675,1.0613110756202675,0.05591465759277344,44690.73667281322,1061.3191500702142,44691.07667973921,7338.095078564962,2.73542837075339e-19,417855517.8292813,7248.971733874192,428034.32413803635
2,3471.54275,68,1018.9793090820312,55.91465759277344,0.05487320212924178,1,0.4327777041688374,0.023747898437885818,1061.3110756202675,1.0613110756202675,0.05591465759277344,44690.73667281322,1061.1760204845543,44685.04963755549,6608.374477222683,2.693957298016536e-19,411502377.72517496,7138.766233714536,421526.47634280677
2,3639.0403125,69,961.6002197265625,55.9146614074707,0.05814750916828321,1,0.4084078368543292,0.023747900058052104,1061.3110756202675,1.0613110756202675,0.05591466140747071,44690.733623852066,1061.3098062990434,44690.68017402193,5948.2545309115885,2.653698468785327e-19,405333439.76301694,7031.748039663806,415207.2685378722
2,3128.298875,70,946.7814331054688,55.9146614074707,0.059057619464897876,1,0.40211404816275864,0.023747900058052104,1061.3110756202675,1.0613110756202675,0.05591466140747071,44690.733623852066,1060.8982556506623,44673.35019337627,5354.711300058181,2.614728832473455e-19,399340832.8145199,6927.7888077611215,409068.6816241415
2,2815.7236875,71,924.3201293945312,55.91465759277344,0.06049274035544363,1,0.3925743535232123,0.023747898437885818,1061.3110756202675,1.0613110756202675,0.05591465759277344,44690.73667281322,1061.1674199679085,44684.687478492524,4830.413342923916,2.5766008902238742e-19,393517154.81911117,6826.7828072654775,403103.40783100895
2,3013.976625,72,920.652587890625,55.91465759277344,0.06073372119757316,1,0.3910166867699645,0.023747898437885818,1061.3110756202675,1.0613110756202675,0.05591465759277344,44690.73667281322,1061.2228455196255,44687.02139245388,4354.668237700769,2.539609350011497e-19,387855253.0905716,6728.56441501432,397303.6302102756
2,3288.8446875,73,910.1834716796875,55.91465759277344,0.06143229286463133,1,0.38657027648659187,0.023747898437885818,1061.3110756202675,1.0613110756202675,0.05591465759277344,44690.73667281322,1061.315009080718,44690.90230685704,3938.584214148287,2.504033360392321e-19,382348544.09754246,6633.043880286096,391662.9539334502
2,3509.2251875,74,894.4176025390625,55.91465759277344,0.06251515783459935,1,0.37987424587037383,0.023747898437885818,1061.3110756202675,1.0613110756202675,0.05591465759277344,44690.73667281322,1061.5352247785358,44700.17536730885,3547.479789046747,2.4689446450822203e-19,376990731.5210255,6540.096328872276,386174.6172716066
2,3330.4361875,75,886.6898803710938,55.91465759277344,0.0630599929361687,1,0.3765921518881898,0.023747898437885818,1061.3110756202675,1.0613110756202675,0.05591465759277344,44690.73667281322,1061.6276006980643,44704.06522391111,3195.5477851006226,2.4425269454693843e-19,371775867.60297775,6449.633463713247,380832.75791628525
2,3647.609375,76,887.7549438476562,55.9146614074707,0.06298433816705244,1,0.37704450231579173,0.023747900058052104,1061.3110756202675,1.0613110756202675,0.05591466140747071,44690.733623852066,1061.0652755603383,44680.38323247731,2876.9984337424703,2.40960554503826e-19,366698284.007503,6361.547861154011,375631.48286982044
2,3857.7596875,77,896.4674682617188,55.91465759277344,0.0623722104508643,1,0.3807448584268788,0.023747898437885818,1061.3110756202675,1.0613110756202675,0.05591465759277344,44690.73667281322,1061.6199557943792,44703.74330474402,2597.6716989906918,2.377111361523497e-19,361752663.2957863,6275.754783231659,370565.4151288841
2,3843.17625,78,860.4013061523438,55.91465759277344,0.06498671863112342,1,0.36542695089258564,0.023747898437885818,1061.3110756202675,1.0613110756202675,0.05591465759277344,44690.73667281322,1061.1057298423384,44682.089769658145,2342.8643912372845,2.3454485105100186e-19,356933931.4083576,6192.164654836376,365629.32488334633
2,4245.2974375,79,798.5785522460938,55.91465759277344,0.07001773017257608,1,0.3391697842725439,0.023747898437885818,1061.3110756202675,1.0613110756202675,0.05591465759277344,44690.73667281322,1061.6864239847523,44706.54221305783,2110.5692583245677,2.3145859715050142e-19,352237224.1691931,6110.686971102874,360818.21262926207
2,4096.3268125,80,782.798583984375,55.91465759277344,0.07142917569954306,1,0.3324677655217255,0.023747898437885818,1061.3110756202675,1.0613110756202675,0.05591465759277344,44690.73667281322,1061.1674199679085,44684.687478492524,1905.9010825576934,2.2845229152610363e-19,347658044.54716164,6031.248804595202,356127.4764306585
2,4251.4024375,81,790.8086547851562,55.9146614074707,0.070705672294348,1,0.3358697777318801,0.023747900058052104,1061.3110756202675,1.0613110756202675,0.05591466140747071,44690.733623852066,1061.0933068738502,44681.563602676084,1716.9416263781516,2.255284157019374e-19,343191940.9358458,5953.770480884967,351552.57323684386
2,4274.414,82,805.1762084960938,55.91465759277344,0.06944400120466886,1,0.3419719201935789,0.023747898437885818,1061.3110756202675,1.0613110756202675,0.05591465759277344,44690.73667281322,1060.9322330003738,44674.78399300518,1547.9158096712592,2.226819414846956e-19,338834825.7645057,5878.182930538205,347089.3149971041
2,4476.4615,83,823.72119140625,55.91465759277344,0.06788056222921302,1,0.3498482873152411,0.023747898437885818,1061.3110756202675,1.0613110756202675,0.05591465759277344,44690.73667281322,1061.0870422999972,44681.30285613861,1397.9943396645983,2.198905888879662e-19,334582758.6727751,5804.418260743449,342733.6676934859
2,4812.359625,84,888.376953125,55.9146614074707,0.06294023882101532,1,0.37730868015004343,0.023747900058052104,1061.3110756202675,1.0613110756202675,0.05591466140747071,44690.733623852066,1061.392095192876,44694.14527593121,1320.557695761227,2.172913923582113e-19,330432065.7052514,5732.443718107621,338481.97901467496
2,5112.69725,85,904.650146484375,55.91465759277344,0.06180804569597136,1,0.38422017992123153,0.023747898437885818,1061.3110756202675,1.0613110756202675,0.05591465759277344,44690.73667281322,1061.7449287337868,44709.00578890592,1193.689824394395,2.1465793424396272e-19,326379016.9694982,5662.13166771374,334330.1976388756
2,4674.0555,86,918.70166015625,55.91465759277344,0.060862693535639896,1,0.3901880948463044,0.023747898437885818,1061.3110756202675,1.0613110756202675,0.05591465759277344,44690.73667281322,1061.2352684881137,44687.54451110039,1091.9179685703546,4.2592960096719803e-19,322420346.49475133,5593.458000180295,330275.06961156195
2,5011.62075,87,927.2438354492188,55.91465759277344,0.060301999813980586,1,0.3938161008116357,0.023747898437885818,1061.3110756202675,1.0613110756202675,0.05591465759277344,44690.73667281322,1061.2951535669804,44690.066211242534,5189.6977076789135,4.2084708362907943e-19,318570759.91388,5531.898929352536,326390.72077009425
2,4492.78275,88,1259.5325927734375,55.9146614074707,0.044393180385790355,1,0.5349447422218749,0.023747900058052104,1061.3110756202675,1.0613110756202675,0.05591466140747071,44690.733623852066,1062.0236491806393,44720.73937419756,6077.230731499937,4.158592643711533e-19,314794909.5993942,5469.442728707304,322534.797305059
2,4697.439625,89,1191.1708984375,55.91465759277344,0.04694091978415408,1,0.5059103772803027,0.023747898437885818,1061.3110756202675,1.0613110756202675,0.05591465759277344,44690.73667281322,1061.2930299826232,44689.976789251676,5471.889666606975,4.109845734361904e-19,311099926.337584,5405.249033929285,318748.982326749
2,4905.3695,90,1125.9281005859375,55.91465759277344,0.04966094865531398,1,0.47820066029577685,0.023747898437885818,1061.3110756202675,1.0613110756202675,0.05591465759277344,44690.73667281322,1061.6976789818443,44707.016149609364,4892.682644141802,4.062142451681292e-19,307487227.10680294,5342.5584811543695,315048.5837154205
2,5564.31675,91,1078.143798828125,55.91465759277344,0.05186196651462373,1,0.457905861151438,0.023747898437885818,1061.3110756202675,1.0613110756202675,0.05591465759277344,44690.73667281322,1060.63482501118,44662.26044318573,4403.089608814449,4.015494756766513e-19,303953866.8986801,5281.168752750093,311428.3398348762
2,5640.058,92,1038.273193359375,55.9146614074707,0.05385351172542488,1,0.44097214233615434,0.023747900058052104,1061.3110756202675,1.0613110756202675,0.05591466140747071,44690.733623852066,1061.7858077326587,44710.72411190492,3962.0657821523314,3.97127770601698e-19,300497408.11581296,5221.117698001296,307886.915764435
2,5464.299125,93,1007.237548828125,55.91465759277344,0.05551288041021465,1,0.4277907804891365,0.023747898437885818,1061.3110756202675,1.0613110756202675,0.05591465759277344,44690.73667281322,1061.638218619849,44704.51233386539,3571.179269964727,3.94147667526782e-19,297115381.6320114,5162.36010540442,304421.7169854606
2,4767.2105,94,978.6987915039062,55.91465759277344,0.05713163036285436,1,0.41566988876491334,0.023747898437885818,1061.3110756202675,1.0613110756202675,0.05591465759277344,44690.73667281322,1061.5655920348406,44701.454101778094,3215.986393030244,3.89827906263596e-19,293805277.4508995,5104.8504412271495,301030.2445108299
2,4686.744,95,962.1411743164062,55.91465759277344,0.05811481629242233,1,0.408637589395294,0.023747898437885818,1061.3110756202675,1.0613110756202675,0.05591465759277344,44690.73667281322,1060.7235908373013,44665.99828240353,2897.738060223243,3.855551080421827e-19,290564907.575006,5048.551622547471,297710.20028703904
2,4497.776125,96,934.9642944335938,55.91465759277344,0.0598040566101477,1,0.39709510999720743,0.023747898437885818,1061.3110756202675,1.0613110756202675,0.05591465759277344,44690.73667281322,1061.5938357067885,44702.64341425649,2602.6919618495467,3.8135430351327775e-19,287392142.8148343,4993.4267029378325,294459.4037892273
2,4495.56075,97,918.5916137695312,55.91465759277344,0.060869984827449194,1,0.39014135628922897,0.023747898437885818,1061.3110756202675,1.0613110756202675,0.05591465759277344,44690.73667281322,1060.6210217128598,44661.67920024517,2773.209841023645,3.7725614380760315e-19,284286037.38003373,4939.8475219119055,291281.9737974487
2,4417.359375,98,900.840087890625,55.9146614074707,0.062069459768049624,1,0.3826019837554651,0.023747900058052104,1061.3110756202675,1.0613110756202675,0.05591466140747071,44690.733623852066,1061.5908626886885,44702.51517370435,2466.1707942613566,3.743141925535188e-19,281242144.6554618,4886.972726963405,288163.3864128213
2,4326.868,99,828.6294555664062,55.9146614074707,0.06747848174737309,1,0.3519329099133194,0.023747900058052104,1061.3110756202675,1.0613110756202675,0.05591466140747071,44690.733623852066,1061.8804134157617,44714.70786132579,2221.6702820496153,3.7034488567617912e-19,278259793.7624021,4835.150830978237,285107.64403687883
2,4290.35375,100,783.7572021484375,55.9146614074707,0.07134181024365711,1,0.3328749068292279,0.023747900058052104,1061.3110756202675,1.0613110756202675,0.05591466140747071,44690.733623852066,1061.3191500702142,44691.07363075485,2000.848719952977,3.6648227522833656e-19,275337138.03822875,4784.366657257881,282113.06637176365
3,4780.55275,101,756.0193481445312,55.91465759277344,0.07395929446779714,1,0.3210941722574972,0.023747898437885818,1061.3110756202675,1.0613110756202675,0.05591465759277344,44690.73667281322,1061.182497416843,44685.3223746276,1799.6732184751477,3.626697765135028e-19,272472407.01530087,4734.588713405877,279177.8374903336
3,3955.284375,102,713.9487915039062,55.91465759277344,0.07831746234206982,1,0.3032260970632746,0.023747898437885818,1061.3110756202675,1.0613110756202675,0.05591465759277344,44690.73667281322,1060.8435733534704,44671.05062488692,1797.1908078143608,3.595623510195926e-19,269663969.4244237,4685.910429120964,276301.969802125
3,4168.343625,103,684.3839111328125,55.9146614074707,0.08170071897251623,1,0.29066939356891713,0.023747900058052104,1061.3110756202675,1.0613110756202675,0.05591466140747071,44690.733623852066,1061.0363948130835,44679.167093484626,1633.3400950523028,3.558989820278593e-19,266910038.63137618,4638.063066596775,273480.29382557154
3,4548.14675,104,707.0758056640625,55.9146614074707,0.07907873122636436,1,0.3003070240202389,0.023747900058052104,1061.3110756202675,1.0613110756202675,0.05591466140747071,44690.733623852066,1061.0636828720703,44680.31616598874,1611.3498035742034,3.5236840026997767e-19,264209240.13931355,4591.207673201134,270713.41440806055
3,4495.17375,105,684.2847290039062,55.91465377807617,0.08171256090161008,1,0.29062726924542986,0.02374789681771953,1061.3110756202675,1.0613110756202675,0.055914653778076175,44690.7397217748,1061.1064730968635,44682.12411572873,1457.3022252586827,3.4896345979474243e-19,261559808.19740018,4545.169506975175,267998.7628825265
3,4879.049875,106,639.8551635742188,55.91465759277344,0.08738642864181204,1,0.271757283218725,0.023747898437885818,1061.3110756202675,1.0613110756202675,0.05591465759277344,44690.73667281322,1061.0785479625692,44680.94516817518,1313.4735681433347,3.4550164962659463e-19,258960405.93300736,4499.999856463216,265335.3721501696
3,5250.689625,107,664.3431396484375,55.91465759277344,0.08416532700610532,1,0.2821577398037455,0.023747898437885818,1061.3110756202675,1.0613110756202675,0.05591465759277344,44690.73667281322,1061.6754875253139,44706.081689804916,1193.423374120037,3.421430616551546e-19,256409759.48036504,4455.67970130131,262721.86637307
3,4876.70525,108,668.716552734375,55.91465759277344,0.08361488490772209,1,0.2840152021269197,0.023747898437885818,1061.3110756202675,1.0613110756202675,0.05591465759277344,44690.73667281322,1061.4606869676063,44697.036655429794,1110.284220552889,3.388030197259662e-19,253906293.66249198,4412.185293490647,260156.83839727668
3,5506.4125,109,663.9783325195312,55.91465759277344,0.08421156964655722,1,0.2820028000612941,0.023747898437885818,1061.3110756202675,1.0613110756202675,0.05591465759277344,44690.73667281322,1061.1568020461236,44684.24036853824,1007.743299863175,3.355276846065601e-19,251448782.92964846,4369.481471655618,257638.83326818238
3,5268.63775,110,667.44140625,55.91465759277344,0.08377463110496591,1,0.2834736259015065,0.023747898437885818,1061.3110756202675,1.0613110756202675,0.05591465759277344,44690.73667281322,1061.6174074931507,44703.63599835499,916.4415069166292,3.323087607941782e-19,249035999.25502616,4327.5548418574135,255166.65755963448
3,4788.238375,111,667.60107421875,55.91465759277344,0.0837545950000256,1,0.2835414395816559,0.023747898437885818,1061.3110756202675,1.0613110756202675,0.05591465759277344,44690.73667281322,1061.1917350087958,44685.71136028782,830.3380242707684,3.2917949002867937e-19,246666731.59098235,4286.383756151349,252739.06469836616
3,4794.602,112,652.1495971679688,55.9146614074707,0.085739005031344,1,0.2769789365902274,0.023747900058052104,1061.3110756202675,1.0613110756202675,0.05591466140747071,44690.733623852066,1061.4218253738736,44695.397183717796,748.726505163994,3.2607619186359913e-19,244339821.62267563,4245.950566182193,250354.89240706273
3,4607.456,113,634.5689697265625,55.91465759277344,0.08811438986193608,1,0.2695121475061647,0.023747898437885818,1061.3110756202675,1.0613110756202675,0.05591465759277344,44690.73667281322,1061.4861699798898,44698.10971932007,821.6189309019153,3.2356519629892507e-19,242059190.81832352,4206.274715703632,248014.4335936504
3,4533.774375,114,624.95361328125,55.9146614074707,0.08947009250686574,1,0.2654283433993706,0.023747900058052104,1061.3110756202675,1.0613110756202675,0.05591466140747071,44690.733623852066,1061.312142241836,44690.77853820516,843.054201162712,3.2061713105637615e-19,239813598.8490444,4167.28990629184,245714.05320690398
3,4618.167875,115,636.4669799804688,55.9146614074707,0.08785162365294942,1,0.27031826448307805,0.023747900058052104,1061.3110756202675,1.0613110756202675,0.05591466140747071,44690.733623852066,1061.5156878024518,44699.34963544399,766.7114582630936,3.176754563765594e-19,237607115.52513537,4128.947622967062,243453.2715268996
3,5305.9125,116,660.3419799804688,55.91465759277344,0.08467530353655124,1,0.28045837978761673,0.023747898437885818,1061.3110756202675,1.0613110756202675,0.05591465759277344,44690.73667281322,1060.953787381597,44675.69162621237,706.3663502328061,3.1477826745309506e-19,235438702.78258184,4091.2690547908273,241231.5180514006
3,5577.933,117,697.6343383789062,55.9146614074707,0.0801489469722812,1,0.29629707357351576,0.023747900058052104,1061.3110756202675,1.0613110756202675,0.05591466140747071,44690.733623852066,1061.4353101345405,44695.965013320994,647.7398955341627,3.124506278411365e-19,233307426.3080967,4054.2339546482294,239047.78590755875
3,6335.031875,118,738.0147094726562,55.91465759277344,0.07576360860439611,1,0.31344729845019376,0.023747898437885818,1061.3110756202675,1.0613110756202675,0.05591465759277344,44690.73667281322,1060.9941354843795,44677.39064403864,597.6485405278108,3.0964978824092885e-19,231212284.98968926,4017.8266675007085,236901.09611740484
3,6407.23175,119,777.6879272460938,55.91465759277344,0.07189857992366602,1,0.33029718338107256,0.023747898437885818,1061.3110756202675,1.0613110756202675,0.05591465759277344,44690.73667281322,1061.888589215536,44715.05518658736,5263.903459501949,3.0689499246940314e-19,229163467.01864636,3986.3773131290354,234867.76817751117
3,5882.463375,120,810.3931884765625,55.91465759277344,0.06899694912032267,1,0.34418765960901027,0.023747898437885818,1061.3110756202675,1.0613110756202675,0.05591465759277344,44690.73667281322,1061.2260308961609,44687.15552544016,4741.015671355129,3.0418978296393833e-19,227137852.5130699,3951.1460021270027,232791.764309962
3,6278.46475,121,828.4943237304688,55.9146614074707,0.06748948784706939,1,0.35187551714273424,0.023747900058052104,1061.3110756202675,1.0613110756202675,0.05591466140747071,44690.733623852066,1061.2360117426388,44687.57276005167,4269.285793787294,3.0226479519861934e-19,225145761.21968547,3916.493342012225,230750.08692535735
3,6853.029,122,868.8145751953125,55.9146614074707,0.06435741202914745,1,0.3690002081987138,0.023747900058052104,1061.3110756202675,1.0613110756202675,0.05591466140747071,44690.733623852066,1060.2137182331926,44644.52501659026,3846.1269747803035,3.0000203430699236e-19,223186380.9143111,3882.4121458818577,228741.93331262143
3,6936.277,123,887.5778198242188,55.9146614074707,0.0629969072501689,1,0.3769692747547086,0.023747900058052104,1061.3110756202675,1.0613110756202675,0.05591466140747071,44690.733623852066,1061.596914904106,44702.7700263609,3464.0971185409567,2.978540561654446e-19,221258883.73552966,3848.8829248807956,226766.4573541433
3,7318.1615,124,913.0723266601562,55.9146614074707,0.061237928212432576,1,0.38779722193580834,0.023747900058052104,1061.3110756202675,1.0613110756202675,0.05591466140747071,44690.733623852066,1061.3149029015,44690.89478678534,3457.069169807339,2.953302420109462e-19,219362534.10215184,3816.25322649212,224827.29408458248
3,7707.5505,125,1070.719482421875,55.91465759277344,0.05222157484824999,1,0.45475262871513417,0.023747898437885818,1061.3110756202675,1.0613110756202675,0.05591465759277344,44690.73667281322,1060.6402401512903,44662.48846926242,3189.9485785007314,2.9303229782590548e-19,217498487.12486628,3783.8511755299755,222915.42837109795
3,7270.3345,126,1035.4185791015625,55.9146614074707,0.054001984049089444,1,0.43975973949953867,0.023747900058052104,1061.3110756202675,1.0613110756202675,0.05591466140747071,44690.733623852066,1061.115923047252,44682.51594681373,2874.846328100477,2.9056492552394167e-19,215662139.1263304,3751.904318474708,221033.3451086849
3,6944.319125,127,1017.1005859375,55.91465759277344,0.05497456039830592,1,0.431979778752676,0.023747898437885818,1061.3110756202675,1.0613110756202675,0.05591465759277344,44690.73667281322,1061.60116207282,44702.95192012494,2599.4065629026686,2.8822307988627575e-19,213854747.27958503,3720.464645028304,219180.9635111087
3,7498.550625,128,950.6558227539062,55.91465759277344,0.058816930643518416,1,0.40375956681280545,0.023747898437885818,1061.3110756202675,1.0613110756202675,0.05591465759277344,44690.73667281322,1061.6949183221802,44706.89990102125,2343.361686526131,2.8755438007669345e-19,212075639.41122928,3689.5233194058105,217357.65161905088
3,6847.8865,129,884.5263061523438,55.9146614074707,0.06321423930962562,1,0.37567324541497293,0.023747900058052104,1061.3110756202675,1.0613110756202675,0.05591466140747071,44690.733623852066,1061.6443770144842,44704.768607720194,2234.7521586724824,2.8525628108304455e-19,210333209.57791382,3659.1961470974616,215565.72604120965
3,6384.5455,130,861.356201171875,55.91465759277344,0.06491467469172632,1,0.36583251091779095,0.023747898437885818,1061.3110756202675,1.0613110756202675,0.05591465759277344,44690.73667281322,1061.2229516988432,44687.02586355342,2021.0616559686152,2.8292934420433114e-19,208608629.6419347,3629.197299881071,213798.28365986745
3,6107.757,131,855.7491455078125,55.9146614074707,0.06534000984551724,1,0.3634510997784167,0.023747900058052104,1061.3110756202675,1.0613110756202675,0.05591466140747071,44690.733623852066,1061.2790143258674,44689.383555242974,1827.6495490747857,2.8070165402100595e-19,206910413.76626888,3599.6550871064205,212057.82558884504
3,6073.364125,132,854.4971313476562,55.91465759277344,0.06543574640746722,1,0.3629193482413738,0.023747898437885818,1061.3110756202675,1.0613110756202675,0.05591465759277344,44690.73667281322,1061.4283023061623,44695.67297006923,1691.1491903377737,2.7847554148186655e-19,205238242.74723187,3570.57643602414,210343.91350776117
3,6177.728875,133,868.0098876953125,55.91465759277344,0.06441707448890319,1,0.3686584438412637,0.023747898437885818,1061.3110756202675,1.0613110756202675,0.05591465759277344,44690.73667281322,1061.5072996442418,44698.99946812909,1532.94747700748,2.7627487950255946e-19,203591014.97845075,3541.9202019987224,208655.68494994342
3,6123.75275,134,828.1236572265625,55.91465759277344,0.06751969600776181,1,0.35171808882486455,0.023747898437885818,1061.3110756202675,1.0613110756202675,0.05591465759277344,44690.73667281322,1061.8404900298506,44713.029778494456,1382.6754020699607,2.74133693205072e-19,201968369.655291,3513.6910065040183,206992.67518843233
3,5908.88175,135,900.8878173828125,55.91465759277344,0.06206617129667959,1,0.3826222552760602,0.023747898437885818,1061.3110756202675,1.0613110756202675,0.05591465759277344,44690.73667281322,1061.6927947378233,44706.8104790304,1293.3738249263808,2.7196488006081617e-19,200369799.16269246,3485.895046199914,205354.4158346098
3,7479.7155,136,920.6268310546875,55.91465759277344,0.06073542037517693,1,0.39100574740718813,0.023747898437885818,1061.3110756202675,1.0613110756202675,0.05591465759277344,44690.73667281322,1061.8852976597827,44714.91658250153,1193.3986090787407,2.7132165597799097e-19,198794774.19725126,3458.499890102607,203740.25724832562
3,7477.339625,137,930.6758422851562,55.91465759277344,0.06007962714008145,1,0.3952737320175989,0.023747898437885818,1061.3110756202675,1.0613110756202675,0.05591465759277344,44690.73667281322,1061.8350748897403,44712.80175241778,1773.678729729689,2.6922312796712085e-19,197243330.82436982,3431.7749667030216,202152.3337387329
3,6699.812,138,918.0924072265625,55.91465759277344,0.06090308247040658,1,0.3899293348481197,0.023747898437885818,1061.3110756202675,1.0613110756202675,0.05591465759277344,44690.73667281322,1061.1724103911474,44684.89762017103,1639.1687890670366,2.671355188085399e-19,195713898.25952372,3405.172514794972,200584.95643583772
3,6486.78675,139,865.7044677734375,55.9146614074707,0.06458862079871673,1,0.36767929310479486,0.023747900058052104,1061.3110756202675,1.0613110756202675,0.05591466140747071,44690.733623852066,1061.3295556335634,44691.511798480155,1591.7663291582014,2.7001178765097626e-19,194206486.11307302,3378.9842089546582,199040.32470664041
3,6293.02525,140,829.9705810546875,55.91465759277344,0.06736944521782896,1,0.3525025085348493,0.023747898437885818,1061.3110756202675,1.0613110756202675,0.05591465759277344,44690.73667281322,1061.3631082664035,44692.92771494994,1457.7872018269375,2.680762625341069e-19,192720646.56465682,3353.139269631607,197517.52285755269
3,6082.95725,141,788.8599243164062,55.91465759277344,0.07088033739478754,1,0.3350421190240019,0.023747898437885818,1061.3110756202675,1.0613110756202675,0.05591465759277344,44690.73667281322,1061.2569290485549,44688.45661540712,1314.9605740890636,2.661619980421395e-19,191255892.05336872,3327.6542163264717,196016.31032294358
3,5647.4655,142,744.747314453125,55.91465759277344,0.07507869650235946,1,0.3163067493738321,0.023747898437885818,1061.3110756202675,1.0613110756202675,0.05591465759277344,44690.73667281322,1061.313522571668,44690.83971146344,1192.8210804450193,2.6458762312333293e-19,189811820.30439326,3302.531064792261,194536.29772837713
3,6166.575375,143,677.845458984375,55.91465759277344,0.08248879866592472,1,0.2878924026286715,0.023747898437885818,1061.3110756202675,1.0613110756202675,0.05591465759277344,44690.73667281322,1060.9128022035077,44673.96578178884,1075.000318586867,2.626029372750243e-19,188387964.08002988,3277.757550041977,193076.9987378083
3,5787.0335,144,633.8599243164062,55.9146614074707,0.08821295596669132,1,0.26921100395788666,0.023747900058052104,1061.3110756202675,1.0613110756202675,0.05591466140747071,44690.733623852066,1061.3832823177947,44693.774174694474,1036.5157485930179,2.6067131298479926e-19,186984027.90645513,3253.350878269027,191638.32948719716
3,6326.611,145,629.9192504882812,55.91465759277344,0.08876480207491873,1,0.26753733329842005,0.023747898437885818,1061.3110756202675,1.0613110756202675,0.05591465759277344,44690.73667281322,1061.5893761796387,44702.45562807569,938.8889073532512,2.5874099634787766e-19,185599376.02590153,3229.2604414146886,190219.22180075163
3,6736.070875,146,614.0638427734375,55.91465377807617,0.09105674963735567,1,0.26080327413909066,0.02374789681771953,1061.3110756202675,1.0613110756202675,0.055914653778076175,44690.7397217748,1061.0538082048106,44679.906450204195,848.8908780392031,2.5694002590976894e-19,184233725.0211688,3205.49951035923,188819.57797385872
3,6768.467875,147,615.7075805664062,55.91465377807617,0.09081365790776201,1,0.2615013973119129,0.02374789681771953,1061.3110756202675,1.0613110756202675,0.055914653778076175,44690.7397217748,1061.2487532487805,44688.11538952486,769.9179852995995,2.5513725668253207e-19,182886689.4163922,3182.062804374219,187439.01249172323
3,6339.850125,148,760.385009765625,55.9146614074707,0.07353466582673444,1,0.32294834240277426,0.023747900058052104,1061.3110756202675,1.0613110756202675,0.05591466140747071,44690.733623852066,1061.6409792795132,44704.62553254458,1326.5446560878988,2.53283840713465e-19,181559212.89703938,3159.1020954863247,186079.15574760875
3,6284.408125,149,737.2730712890625,55.91465759277344,0.07583982078039439,1,0.3131323122011513,0.023747898437885818,1061.3110756202675,1.0613110756202675,0.05591465759277344,44690.73667281322,1061.1436358231103,44683.68595219493,1243.5143576273513,2.5146877293112515e-19,180248334.56938604,3136.3105033685533,184735.83154964342
3,6697.746875,150,723.9182739257812,55.91465759277344,0.07723890887510047,1,0.30746030444691375,0.023747898437885818,1061.3110756202675,1.0613110756202675,0.05591465759277344,44690.73667281322,1061.028856088616,44678.85269358914,1589.5438814497386,2.503997330162533e-19,178976888.60204038,3113.9803456253712,183416.50925457705
4,8146.7725,151,986.4503173828125,55.9146614074707,0.05668269005287835,1,0.4189620925847343,0.023747900058052104,1061.3110756202675,1.0613110756202675,0.05591466140747071,44690.733623852066,1061.5487095392027,44700.74014730695,4815.778560489784,2.489099369843065e-19,177703224.18816993,3094.472789854012,182121.48239081394
4,7555.915125,152,951.4281005859375,55.91465759277344,0.05876918871571942,1,0.40408756623747294,0.023747898437885818,1061.3110756202675,1.0613110756202675,0.05591465759277344,44690.73667281322,1061.2977018682086,44690.17351763156,4346.651393688087,2.471681209615174e-19,176443615.3243312,3072.567453806282,180831.0299905559
4,8261.822625,153,943.82373046875,55.9146614074707,0.05924269096836909,1,0.4008578619523768,0.023747900058052104,1061.3110756202675,1.0613110756202675,0.05591466140747071,44690.733623852066,1060.723272299648,44665.9818218324,3977.26345574815,2.4591752359984533e-19,175200602.5348535,3050.971050031167,179557.56057014968
4,8587.84025,154,930.1937255859375,55.91465759277344,0.060110766235874455,1,0.39506896892145976,0.023747898437885818,1061.3110756202675,1.0613110756202675,0.05591465759277344,44690.73667281322,1060.9654670955606,44676.183447162075,3590.5661858733206,2.4439146192817447e-19,173973753.49138513,3029.641166851608,178300.2731603945
4,9473.62375,155,920.3411865234375,55.91465759277344,0.06075427071126682,1,0.39088442935554474,0.023747898437885818,1061.3110756202675,1.0613110756202675,0.05591465759277344,44690.73667281322,1061.2776339960353,44689.32847981797,3247.786043732732,2.426946930145297e-19,172762670.16202554,3008.561930285767,177059.13503727282
4,8693.50775,156,926.156494140625,55.91465759277344,0.06037279654844542,1,0.393354288612912,0.023747898437885818,1061.3110756202675,1.0613110756202675,0.05591465759277344,44690.73667281322,1061.0693103706164,44680.556182514956,2944.438646811357,2.410679867331587e-19,171567146.28829315,2987.764773551497,175833.9713056879
4,9032.8715,157,923.4376831054688,55.91465759277344,0.06055054782336324,1,0.39219956369614817,0.023747898437885818,1061.3110756202675,1.0613110756202675,0.05591465759277344,44690.73667281322,1061.1329117221078,44683.2343711411,2656.95561806596,2.398430768085814e-19,170386879.95731762,2967.211268544051,174624.3523395605
4,8592.7435,158,924.454833984375,55.91465377807617,0.06048392580931487,1,0.3926315648351732,0.02374789681771953,1061.3110756202675,1.0613110756202675,0.055914653778076175,44690.7397217748,1061.814263763042,44711.92846731453,2954.0305872991426,2.382078535042393e-19,169236167.7702191,2947.290115784281,173439.6337650651
4,8348.21325,159,928.0942993164062,55.9146614074707,0.06024674177393152,1,0.39417730716454147,0.023747900058052104,1061.3110756202675,1.0613110756202675,0.05591466140747071,44690.733623852066,1060.9662103500855,44676.21169688845,2664.37758266456,2.3717860076098264e-19,168085461.27045134,2927.250579417912,172260.34619634176
4,8379.9295,160,934.9830322265625,55.91465759277344,0.059802858089968366,1,0.3971030682540139,0.023747898437885818,1061.3110756202675,1.0613110756202675,0.05591465759277344,44690.73667281322,1060.8758518356963,44672.409839147935,2404.7518460430724,2.357564019016374e-19,166949169.62381652,2907.4620947380995,171095.83114497524
4,7865.61,161,943.000732421875,55.91465759277344,0.05929439465987457,1,0.4005083207967445,0.023747898437885818,1061.3110756202675,1.0613110756202675,0.05591465759277344,44690.73667281322,1060.7878292640999,44668.70329762694,2175.3807750477536,2.3429048481337187e-19,165827022.81392077,2887.9208132799163,169945.8217718277
4,7798.131125,162,948.807861328125,55.91465759277344,0.058931486417603096,1,0.4029747064175903,0.023747898437885818,1061.3110756202675,1.0613110756202675,0.05591465759277344,44690.73667281322,1061.3449516201513,44692.163156928116,1970.9514048694955,2.3340963536680385e-19,164718759.8780654,2868.623320233944,168810.05064465338
4,8092.833375,163,965.1656494140625,55.91465759277344,0.0579327057761726,1,0.4099221349963805,0.023747898437885818,1061.3110756202675,1.0613110756202675,0.05591465759277344,44690.73667281322,1061.6617904062114,44705.504917963895,1870.8653479434388,2.3193866462958387e-19,163624128.70818534,2849.6057603321133,167688.85383585145
4,8642.3535,164,977.8507690429688,55.91465759277344,0.05718117668148649,1,0.4153097193184319,0.023747898437885818,1061.3110756202675,1.0613110756202675,0.05591465759277344,44690.73667281322,1061.5881020290246,44702.40197488118,1700.934827515721,2.3053226250808775e-19,162542872.2761979,2830.7773039609788,166580.7570771259
4,7655.053875,165,986.6023559570312,55.9146614074707,0.05667395506929911,1,0.41902666593230775,0.023747900058052104,1061.3110756202675,1.0613110756202675,0.05591466140747071,44690.733623852066,1061.2906940398307,44689.87537615913,1586.1829431704355,2.2946821637581027e-19,161474750.09238645,2812.1932896179746,165486.31546125744
4,8669.69325,166,995.8140258789062,55.91465759277344,0.056149698778768575,1,0.4229390175618434,0.023747898437885818,1061.3110756202675,1.0613110756202675,0.05591465759277344,44690.73667281322,1061.3094877613898,44690.66980968082,1439.9094013958265,2.2797352546140708e-19,160419526.3351109,2793.8161598241118,164404.87638392637
4,8926.3205,167,981.8881225585938,55.9146614074707,0.05694605760895815,1,0.4170244514723009,0.023747900058052104,1061.3110756202675,1.0613110756202675,0.05591466140747071,44690.733623852066,1061.485320546147,44698.07090106199,1306.3129631213324,2.2650234524792535e-19,159376968.98678285,2775.660700776068,163336.42314472512
4,9018.93225,168,966.1403198242188,55.91465759277344,0.05787426158029162,1,0.41033609396362264,0.023747898437885818,1061.3110756202675,1.0613110756202675,0.05591465759277344,44690.73667281322,1061.065487918774,44680.395222931416,1188.466719117699,2.254818209836864e-19,158346851.25961626,2757.7219490455223,162280.72172185656
4,8843.744,169,942.008056640625,55.91465759277344,0.0593568783181913,1,0.4000867146446231,0.023747898437885818,1061.3110756202675,1.0613110756202675,0.05591465759277344,44690.73667281322,1061.1031815411102,44681.982463269116,1097.39414153067,2.2507117891450804e-19,157328954.64367083,2740.0011185401518,161237.5660563296
4,8961.626,170,920.3250732421875,55.91465759277344,0.060755334412212904,1,0.39087758577314435,0.023747898437885818,1061.3110756202675,1.0613110756202675,0.05591465759277344,44690.73667281322,1060.930746491324,44674.721397611575,1222.5257724085152,2.2371763726664396e-19,156323074.3187955,2722.545690574189,160207.08663125982
4,9497.4635,171,896.9276123046875,55.9146614074707,0.06234021210373793,1,0.3809402893651992,0.023747900058052104,1061.3110756202675,1.0613110756202675,0.05591466140747071,44690.733623852066,1061.055613251514,44679.97636244667,1106.5931329922644,2.223811387097555e-19,155328972.43154806,2705.232634613284,159188.28552722873
4,10652.1685,172,892.1869506835938,55.91465759277344,0.0626714586555336,1,0.3789268503931492,0.023747898437885818,1061.3110756202675,1.0613110756202675,0.05591465759277344,44690.73667281322,1061.410358018346,44694.91735424649,1000.0700359885032,2.2108298917025657e-19,154346510.00116166,2688.128630335175,158181.43858588097
4,9894.436,173,900.0123901367188,55.91465759277344,0.06212654204047077,1,0.38225044655496593,0.023747898437885818,1061.3110756202675,1.0613110756202675,0.05591465759277344,44690.73667281322,1060.852917124641,44671.44408164669,921.497674166875,2.196922962024433e-19,153375382.83128774,2671.216725836347,157186.20537063215
4,10016.8825,174,919.0340576171875,55.9146614074707,0.060840680635650624,1,0.3903292696559732,0.023747900058052104,1061.3110756202675,1.0613110756202675,0.05591466140747071,44690.733623852066,1061.282730598492,44689.54004371629,844.6780402130692,2.1976059435958904e-19,152415445.41510916,2654.499106591387,156202.41977637153
4,9541.49375,175,930.359130859375,55.91465759277344,0.06010007935443696,1,0.39513921933170626,0.023747898437885818,1061.3110756202675,1.0613110756202675,0.05591465759277344,44690.73667281322,1061.2670160742505,44688.88136986369,776.3775413347541,2.1845696447051977e-19,151466505.13339308,2637.972486552534,155229.90214998493
4,9529.39675,176,935.4636840820312,55.91465759277344,0.059772130702906316,1,0.3973072092062985,0.023747898437885818,1061.3110756202675,1.0613110756202675,0.05591465759277344,44690.73667281322,1061.1442728984175,44683.712778792185,841.2435432440593,2.1827940623656747e-19,150528534.55771577,2621.6563597378613,154268.82951841634
4,9301.33075,177,948.9447631835938,55.91465759277344,0.05892298452144527,1,0.4030328509453331,0.023747898437885818,1061.3110756202675,1.0613110756202675,0.05591465759277344,44690.73667281322,1061.2418515996203,44687.82171927204,776.3446666197359,2.169360980708226e-19,149601031.91431242,2605.5030263242256,153318.2810355135
4,9454.35125,178,969.0147094726562,55.91465759277344,0.05770258907958429,1,0.41155689574227516,0.023747898437885818,1061.3110756202675,1.0613110756202675,0.05591465759277344,44690.73667281322,1061.0762120197767,44680.84680398524,749.9925060252482,2.156621831386582e-19,148683996.76499572,2589.535057383021,152378.50570538832
4,10251.83175,179,994.6336059570312,55.9146614074707,0.056216336606656925,1,0.42243767330569315,0.023747900058052104,1061.3110756202675,1.0613110756202675,0.05591466140747071,44690.733623852066,1060.9663165293032,44676.21616798769,703.7453409593545,2.1446347467635693e-19,147777215.5073418,2573.742844406582,151449.1939177067
4,10563.849,180,1016.3677368164062,55.9146614074707,0.055014199651709034,1,0.43166852536676104,0.023747900058052104,1061.3110756202675,1.0613110756202675,0.05591466140747071,44690.733623852066,1061.691520587209,44706.75377578177,662.5870670550601,2.131802271289122e-19,146880536.69959012,2558.126334786665,150530.2346483342
4,10376.303,181,1050.252197265625,55.91465759277344,0.05323926742390976,1,0.44605982739763683,0.023747898437885818,1061.3110756202675,1.0613110756202675,0.05591465759277344,44690.73667281322,1061.6199557943792,44703.74330474402,831.6944598524643,2.1190888005979771e-19,145993842.49998647,2542.713473283283,149621.74505896115
4,10263.37325,182,1067.9925537109375,55.91465759277344,0.05235491333576028,1,0.4535944560845095,0.023747898437885818,1061.3110756202675,1.0613110756202675,0.05591465759277344,44690.73667281322,1060.9372234236127,44674.994134683686,780.0676320392672,2.107898734775631e-19,145116869.0367284,2527.4403522274906,148722.98276773046
4,11181.432,183,1099.915771484375,55.9146614074707,0.050835399439099455,1,0.46715278526208254,0.023747900058052104,1061.3110756202675,1.0613110756202675,0.05591466140747071,44690.733623852066,1061.3814772710912,44693.69816600743,740.4290397382672,2.095299829749032e-19,144249506.05431202,2512.335585849651,147834.07036809003
4,11644.21775,184,1107.1195068359375,55.9146614074707,0.05050462686957186,1,0.47021233320295064,0.023747900058052104,1061.3110756202675,1.0613110756202675,0.05591466140747071,44690.733623852066,1061.5508331235596,44700.8295692917,699.9970554685098,2.082859944904999e-19,143391596.9766708,2497.3941688301356,146954.84333031625
4,11563.59225,185,1114.5760498046875,55.91465759277344,0.0501667495928803,1,0.47337925280405524,0.023747898437885818,1061.3110756202675,1.0613110756202675,0.05591465759277344,44690.73667281322,1060.9509205427153,44675.570906524714,1001.175375176816,2.0708787503837043e-19,142543028.9130946,2482.673263799898,146085.96199014358
4,11413.457,186,1122.8697509765625,55.91465759277344,0.04979620970655263,1,0.47690172761805316,0.023747898437885818,1061.3110756202675,1.0613110756202675,0.05591465759277344,44690.73667281322,1061.120064036748,44682.69336809642,937.9939306939353,2.0587122664765398e-19,141703575.9888228,2468.0547586484304,145225.66560280533
4,10644.3585,187,1125.625732421875,55.914649963378906,0.049674288693159596,1,0.478072239435127,0.023747895197553243,1061.3110756202675,1.0613110756202675,0.05591464996337891,44690.74277073679,1061.2612823964866,44688.64602812585,1431.7369484823018,2.0466975505878777e-19,140878995.25468242,2453.7836589228796,144377.86998320758
4,11417.70675,188,1189.687744140625,55.9146614074707,0.04699943986828542,1,0.505280456627539,0.023747900058052104,1061.3110756202675,1.0613110756202675,0.05591466140747071,44690.733623852066,1061.5025215794385,44698.79521913851,2526.079172250695,2.0358463499920237e-19,140057482.32031426,2439.9802492377166,143538.41576877097
4,11544.456,189,1193.6187744140625,55.9146614074707,0.04684465324384787,1,0.5069500315066295,0.023747900058052104,1061.3110756202675,1.0613110756202675,0.05591466140747071,44690.733623852066,1061.5788644370716,44702.009939490476,2289.944101895211,2.0242420932457456e-19,139244574.14725053,2425.819881923584,142705.30807521357
4,11053.99175,190,1191.8653564453125,55.91465759277344,0.04691356896179659,1,0.5062053253126956,0.023747898437885818,1061.3110756202675,1.0613110756202675,0.05591465759277344,44690.73667281322,1061.8581157800133,44713.771981018566,2077.229175291648,2.0126594342637156e-19,138440249.2529156,2411.809861839191,141880.99930345063
4,10570.08175,191,1173.5936279296875,55.91465759277344,0.0476439682885901,1,0.4984450139425734,0.023747898437885818,1061.3110756202675,1.0613110756202675,0.05591465759277344,44690.73667281322,1061.1365218155145,44683.38638852556,1881.6447871214114,2.0010915337506023e-19,137644370.2986016,2397.944926654364,141065.3402276537
4,9686.06175,192,1123.3597412109375,55.91465759277344,0.04977448945473125,1,0.47710983473741064,0.023747898437885818,1061.3110756202675,1.0613110756202675,0.05591465759277344,44690.73667281322,1061.8312524378978,44712.64079283423,1823.845339515274,1.9896420238061638e-19,136856827.80663866,2384.27658355647,140258.77275468214
4,10226.2865,193,1111.681396484375,55.91465759277344,0.05029737636124896,1,0.472149844702081,0.023747898437885818,1061.3110756202675,1.0613110756202675,0.05591465759277344,44690.73667281322,1061.437752256551,44696.07089792854,1654.502106076176,1.9783120896339377e-19,136077450.43704343,2370.6988068854657,139460.0222916009
4,10349.79975,194,1116.326416015625,55.9146614074707,0.050088089639895084,1,0.4741226628649589,0.023747900058052104,1061.3110756202675,1.0613110756202675,0.05591466140747071,44690.733623852066,1061.3960238239365,44694.31070660301,1511.2715053619702,1.967871641346616e-19,135306137.3580195,2357.2631691043925,138669.5434273863
4,10531.347,195,1076.45166015625,55.9146614074707,0.05194349143802451,1,0.4571871813087539,0.023747900058052104,1061.3110756202675,1.0613110756202675,0.05591466140747071,44690.733623852066,1061.5410646355176,44700.41822816183,1369.9691145760812,1.9572288411457714e-19,134542755.2341353,2343.964005991394,137887.1856816795
4,10991.9075,196,1081.5423583984375,55.91465759277344,0.05169899926580094,1,0.45934928673938824,0.023747898437885818,1061.3110756202675,1.0613110756202675,0.05591465759277344,44690.73667281322,1061.9319103364182,44716.87939520083,1253.4801443276892,1.946311720232673e-19,133787187.28414014,2330.801288397754,137112.8379934265
4,10913.00525,197,1183.013916015625,55.91465759277344,0.04726458145234103,1,0.5024459692260658,0.023747898437885818,1061.3110756202675,1.0613110756202675,0.05591465759277344,44690.73667281322,1061.4596251754278,44696.99194443436,1383.9455723542717,1.9355172998076193e-19,133039342.196277,2317.839338490508,136346.72908097933
4,9379.362,198,1158.595703125,55.91465759277344,0.04826071548682487,1,0.4920751422421197,0.023747898437885818,1061.3110756202675,1.0613110756202675,0.05591465759277344,44690.73667281322,1061.1197454990945,44682.67995479779,1267.6173178778267,1.930980491540619e-19,132299048.81624578,2304.9438567346224,135588.04504826965
4,9357.41525,199,1108.113525390625,55.914649963378906,0.05045932236325945,1,0.47063450965360537,0.023747895197553243,1061.3110756202675,1.0613110756202675,0.05591464996337891,44690.74277073679,1061.0612407500598,44680.22247543781,1158.5215049506805,1.9205560789314046e-19,131566219.49591073,2292.1771551262113,134837.00496725077
4,9302.773,200,1047.900390625,55.91465759277344,0.053358752504543125,1,0.4450609754391063,0.023747898437885818,1061.3110756202675,1.0613110756202675,0.05591465759277344,44690.73667281322,1061.439026407165,44696.12455112305,1051.521811912765,1.913854888098446e-19,130840741.92040503,2279.5382136488774,134093.49511356765
5,9533.6195,201,973.6710815429688,55.91465759277344,0.057426638885244415,1,0.41353453552002606,0.023747898437885818,1061.3110756202675,1.0613110756202675,0.05591465759277344,44690.73667281322,1061.6202743320327,44703.75671804265,966.4072550792973,1.9034823329008277e-19,130122509.71028267,2267.0259843482227,133357.4094983666
5,10305.1525,202,932.6729736328125,55.91465759277344,0.0599509787176343,1,0.39612194739533896,0.023747898437885818,1061.3110756202675,1.0613110756202675,0.05591465759277344,44690.73667281322,1061.039474010401,44679.29980354342,882.1501415791563,1.8945427294745878e-19,129411411.70169458,2254.638037956791,132628.6379678607
5,9344.8965,203,903.2412109375,55.91465759277344,0.0619044579849695,1,0.38362178122376656,0.023747898437885818,1061.3110756202675,1.0613110756202675,0.05591465759277344,44690.73667281322,1061.3377314333377,44691.85912215921,803.7876827756417,1.8846080309514255e-19,128707341.39826919,2242.371787812435,131907.06455675382
5,9541.7635,204,929.740966796875,55.9146614074707,0.06014003855870684,1,0.39487667462507287,0.023747900058052104,1061.3110756202675,1.0613110756202675,0.05591466140747071,44690.733623852066,1061.3477122798154,44692.27635644982,777.1514248486765,1.8744351666108047e-19,128010204.73037407,2230.231175958502,131192.60693572968
5,9538.3365,205,891.78564453125,55.91465759277344,0.06269966099551189,1,0.3787564088996545,0.023747898437885818,1061.3110756202675,1.0613110756202675,0.05591465759277344,44690.73667281322,1061.1308943169686,44683.14942024979,724.4006738579241,1.8680268264576464e-19,127319885.92096604,2218.2057661780636,130485.14216693758
5,9125.36575,206,869.5277709960938,55.9146614074707,0.06430462540456874,1,0.36930311448791314,0.023747900058052104,1061.3110756202675,1.0613110756202675,0.05591466140747071,44690.733623852066,1060.9418953091981,44675.187815163,665.2474682018378,1.8652459754893744e-19,126636292.18253636,2206.296122850847,129784.55407592218
5,9792.30925,207,823.2435913085938,55.91465759277344,0.06791994275217354,1,0.34964544249598695,0.023747898437885818,1061.3110756202675,1.0613110756202675,0.05591465759277344,44690.73667281322,1061.6008435351664,44702.938506826315,622.1521335144035,1.8566739074940856e-19,125959326.51570976,2194.5042769310544,129090.78180129803
5,9278.6235,208,786.6347045898438,55.914649963378906,0.07108084256456457,1,0.3340970306635714,0.023747895197553243,1061.3110756202675,1.0613110756202675,0.05591464996337891,44690.74277073679,1061.7264535498812,44708.23391789566,573.6382461623705,1.8475586803044348e-19,125288893.42801316,2182.824457514504,128403.68363357487
5,9901.72475,209,807.6190185546875,55.9146614074707,0.06923395352035931,1,0.3430094228390754,0.023747900058052104,1061.3110756202675,1.0613110756202675,0.05591466140747071,44690.733623852066,1061.3194686078677,44691.08704405257,691.8743641255218,1.8378756592341452e-19,124624997.55777904,2171.273914384019,127723.289256854
5,10342.76975,210,803.5533447265625,55.91465759277344,0.06958425095200167,1,0.34128266257068446,0.023747898437885818,1061.3110756202675,1.0613110756202675,0.05591465759277344,44690.73667281322,1061.022697693981,44678.59336981566,634.0434711615783,1.828984513197917e-19,123967349.10335603,2159.8164130654086,127049.29145198545
5,9209.7625,211,777.7896728515625,55.9146614074707,0.07188917459880505,1,0.33034039645630536,0.023747900058052104,1061.3110756202675,1.0613110756202675,0.05591466140747071,44690.733623852066,1060.8611991036332,44671.789779742285,581.9009099890202,1.830907092175069e-19,123315957.03738718,2148.467677559982,126381.70530051735
5,9032.8855,212,757.1367797851562,55.91465759277344,0.07385014053687852,1,0.32156876432790044,0.023747898437885818,1061.3110756202675,1.0613110756202675,0.05591465759277344,44690.73667281322,1061.0686732953093,44680.5293559177,535.6720896291761,1.8213956511535506e-19,122670733.78096679,2137.226553568095,125720.44128496184
5,9731.48375,213,750.9646606445312,55.91465759277344,0.07445710900002073,1,0.31894736119662137,0.023747898437885818,1061.3110756202675,1.0613110756202675,0.05591465759277344,44690.73667281322,1061.0049657646002,44677.846696192006,498.66014401163267,1.8121050401703737e-19,122031592.3046978,2126.091797540424,125065.41208053472
5,9628.01525,214,752.1837158203125,55.9146614074707,0.07433643725162851,1,0.3194651144969362,0.023747900058052104,1061.3110756202675,1.0613110756202675,0.05591466140747071,44690.733623852066,1060.8555716050873,44671.55281148268,493.0436961592592,1.8033844901338666e-19,121398445.02547067,2115.063062362799,124416.54135624097
5,9323.637,215,750.6892700195312,55.9146614074707,0.07448442361686969,1,0.31883039815196,0.023747900058052104,1061.3110756202675,1.0613110756202675,0.05591466140747071,44690.733623852066,1061.079397396312,44680.97788867593,524.4484428733335,1.7941222446580781e-19,120771211.62892942,2104.1403285830047,123773.76096837739
5,10381.363,216,760.7189331054688,55.91465377807617,0.07350238722797929,1,0.32309016527895823,0.02374789681771953,1061.3110756202675,1.0613110756202675,0.055914653778076175,44690.7397217748,1061.2671222534682,44688.88888979854,520.9531069598956,1.7882277131126863e-19,120149829.82459873,2093.316662262048,123136.9410973806
5,9601.15475,217,766.3964233398438,55.9146614074707,0.07295787909487562,1,0.3255014911686736,0.023747900058052104,1061.3110756202675,1.0613110756202675,0.05591466140747071,44690.733623852066,1061.3713902453956,44693.273411579845,492.2906401859314,1.779198700369425e-19,119534174.05250366,2082.5906060167626,122505.9792857763
5,9812.36925,218,781.73046875,55.91465759277344,0.07152677275350659,1,0.3320141189610932,0.023747898437885818,1061.3110756202675,1.0613110756202675,0.05591465759277344,44690.73667281322,1061.7339922743486,44708.54526565301,568.4033637851046,1.7701626321207147e-19,118924191.20046856,2071.9725201755914,121880.8849387853
5,9318.59825,219,774.2005615234375,55.91465759277344,0.07222244515393667,1,0.3288160403219383,0.023747898437885818,1061.3110756202675,1.0613110756202675,0.05591465759277344,44690.73667281322,1060.6163498272745,44661.48247186528,526.035879990075,1.7612800354903832e-19,118319798.1795368,2061.442499146416,121261.46557740279
5,9396.27075,220,749.8988037109375,55.91465759277344,0.07456293744712625,1,0.3184946737744315,0.023747898437885818,1061.3110756202675,1.0613110756202675,0.05591465759277344,44690.73667281322,1061.5693083074652,44701.6105902621,642.1346054582843,1.7528904904369818e-19,117720946.74967419,2051.024891404096,120647.87983685017
5,9451.349,221,721.1785888671875,55.91465759277344,0.07753233173575359,1,0.3062967139802221,0.023747898437885818,1061.3110756202675,1.0613110756202675,0.05591465759277344,44690.73667281322,1061.542126427696,44700.465988779135,586.538427588381,1.7441242033431444e-19,117127511.39210859,2040.6858336071723,120039.68999035633
5,9806.048,222,718.4796752929688,55.91465759277344,0.07782357596959658,1,0.30515043985081636,0.023747898437885818,1061.3110756202675,1.0613110756202675,0.05591465759277344,44690.73667281322,1061.247054381295,44688.04080314963,917.5300469550936,1.7364305831503652e-19,116540104.9364672,2030.4920721140625,119437.8258619023
5,10036.64625,223,725.1495361328125,55.91465759277344,0.07710776165005029,1,0.3079832422793501,0.023747898437885818,1061.3110756202675,1.0613110756202675,0.05591465759277344,44690.73667281322,1061.7200827968104,44707.9595516129,833.5032564498895,1.7279385881833214e-19,115957329.8735203,2020.3384963866604,118840.56055816215
5,10009.944,224,741.6160888671875,55.91465759277344,0.07539569115629978,1,0.31497686503934297,0.023747898437885818,1061.3110756202675,1.0613110756202675,0.05591465759277344,44690.73667281322,1061.303117008319,44690.40154370825,759.7320399926801,1.7220322712214422e-19,115379782.8690403,2010.2762182768474,118248.65169377321
5,9461.46875,225,727.8382568359375,55.91465759277344,0.07682291644828612,1,0.3091251873244344,0.023747898437885818,1061.3110756202675,1.0613110756202675,0.05591465759277344,44690.73667281322,1061.350685297915,44692.40459630343,691.2048913970503,1.71358149059229e-19,114807387.77351733,2000.3034773907732,117662.02447498028
5,9837.76475,226,714.4647827148438,55.91465759277344,0.07826090095064912,1,0.30344524723605093,0.023747898437885818,1061.3110756202675,1.0613110756202675,0.05591465759277344,44690.73667281322,1061.1251606392048,44682.90798087448,629.1437233519254,1.7052869283644696e-19,114240080.97573364,1990.4198803266804,117080.61273271388
5,9798.5305,227,790.1365356445312,55.9146614074707,0.07076581713458252,1,0.33558431739326966,0.023747900058052104,1061.3110756202675,1.0613110756202675,0.05591466140747071,44690.733623852066,1061.0501981114037,44679.74833638554,766.5560749720953,1.697035242320982e-19,113677809.32551913,1980.64569185302,116504.44213006411
5,10211.87225,228,746.6824951171875,55.9146614074707,0.07488411467848588,1,0.31712865325105544,0.023747900058052104,1061.3110756202675,1.0613110756202675,0.05591466140747071,44690.733623852066,1061.18313449215,44685.34615263125,696.293186032639,1.6893896629987275e-19,113120474.05386867,1970.9353093255427,115933.24904288918
5,10523.7915,229,737.50244140625,55.91465759277344,0.07581623389091005,1,0.3132297295597145,0.023747898437885818,1061.3110756202675,1.0613110756202675,0.05591465759277344,44690.73667281322,1061.2690334793895,44688.966320755,635.5526596987007,1.6811696637197899e-19,112568041.22224584,1961.310431093102,115367.06957082816
5,11324.389,230,741.1206665039062,55.91465759277344,0.07544609146650848,1,0.3147664508031914,0.023747898437885818,1061.3110756202675,1.0613110756202675,0.05591465759277344,44690.73667281322,1060.514311598922,44657.18574520463,667.337974361064,1.6729953185656543e-19,112020596.083688,1951.777634924413,114805.976590724
5,11508.40625,231,765.3651733398438,55.9146614074707,0.07305618225190101,1,0.3250635018950483,0.023747900058052104,1061.3110756202675,1.0613110756202675,0.05591466140747071,44690.733623852066,1061.448901074425,44696.53731402343,618.1943924976778,1.6747496067202708e-19,111477735.83983916,1942.3197767029355,114249.61962428472
5,11523.911,232,809.843017578125,55.9146614074707,0.06904382254228597,1,0.3439539927462937,0.023747900058052104,1061.3110756202675,1.0613110756202675,0.05591466140747071,44690.733623852066,1061.4611116844776,44697.05149043577,1916.6667564094837,1.666664727947674e-19,110943406.21681021,1933.2470036463244,113702.55459979604
5,10566.39825,233,823.63525390625,55.914649963378906,0.06788764483742935,1,0.34981178820910563,0.023747895197553243,1061.3110756202675,1.0613110756202675,0.05591464996337891,44690.74277073679,1060.9961528895187,44677.481691044086,1732.6841018338748,1.659301312904722e-19,110409867.66240734,1923.9504186740307,113155.74940073106
5,10290.2685,234,817.4720458984375,55.9146614074707,0.06839947356404191,1,0.34719416978627526,0.023747900058052104,1061.3110756202675,1.0613110756202675,0.05591466140747071,44690.733623852066,1061.1933276970635,44685.775378158076,1564.7167045146894,1.6530761419248114e-19,109880911.68891545,1914.73333924326,112613.63973435682
5,10224.117,235,782.8155517578125,55.91465759277344,0.07142762744968091,1,0.33247497202137444,0.023747898437885818,1061.3110756202675,1.0613110756202675,0.05591465759277344,44690.73667281322,1061.0565688644747,44680.01965056982,1411.8596445802339,1.6462775694471103e-19,109356475.83579202,1905.5949261119536,112076.16137303459
5,10984.60775,236,808.7192993164062,55.91465377807617,0.06913975917235676,1,0.34347673064184786,0.02374789681771953,1061.3110756202675,1.0613110756202675,0.055914653778076175,44690.7397217748,1061.2304904233106,44687.346360351024,1480.8360156890215,1.63861090359359e-19,108836647.5773373,1896.5881157777915,111543.58714721707
5,11454.422,237,800.3740234375,55.9146614074707,0.06986066008567772,1,0.33993235117963655,0.023747900058052104,1061.3110756202675,1.0613110756202675,0.05591466140747071,44690.733623852066,1061.327007332335,44691.40449209845,1344.0843193375765,1.6309716178422902e-19,108321084.21527436,1887.604377386978,111015.2024187918
5,11822.841,238,837.570068359375,55.9146614074707,0.06675818502241679,1,0.3557301390070969,0.023747900058052104,1061.3110756202675,1.0613110756202675,0.05591466140747071,44690.733623852066,1061.545630341885,44700.61048542905,1251.0544552012552,1.6247060149590767e-19,107809877.03778921,1878.7044189370472,110491.32400111962
5,10193.56,239,834.4732666015625,55.91465759277344,0.06700593036429903,1,0.3544148750531904,0.023747898437885818,1061.3110756202675,1.0613110756202675,0.05591465759277344,44690.73667281322,1061.4357348514118,44695.985947037225,1134.6628963533033,1.6177047907644968e-19,107302964.08837976,1869.871122942607,109971.8035579528
5,10388.73875,240,1051.889892578125,55.91465759277344,0.05315637880665404,1,0.4467553842270589,0.023747898437885818,1061.3110756202675,1.0613110756202675,0.05591465759277344,44690.73667281322,1061.7179592124533,44707.870129622046,1526.7930323164387,1.6103745325730114e-19,106800322.58597736,1861.2220740651533,109457.21975121427
5,10983.75475,241,1015.3045043945312,55.91465759277344,0.05507181082203284,1,0.4312169526189773,0.023747898437885818,1061.3110756202675,1.0613110756202675,0.05591465759277344,44690.73667281322,1060.8849832484314,44672.79435370862,1397.447490002568,1.6068613021999045e-19,106301879.70105405,1852.5389847193173,108946.39476954128
5,10419.423,242,990.6531372070312,55.91465759277344,0.056442215234299646,1,0.4207471010715104,0.023747898437885818,1061.3110756202675,1.0613110756202675,0.05591465759277344,44690.73667281322,1061.3081074315578,44690.61168538676,1307.2541974909177,1.604263977929058e-19,105807582.73739707,1843.9326935487315,108439.82683020718
5,11902.73875,243,975.1256713867188,55.9146614074707,0.05734097586955908,1,0.41415232436762545,0.023747900058052104,1061.3110756202675,1.0613110756202675,0.05591466140747071,44690.733623852066,1061.0311920314089,44678.94800962198,1236.2609206381314,1.6617845337764503e-19,105317336.32045962,1835.4004565388902,107937.42944599444
5,12201.74325,244,976.503173828125,55.91465759277344,0.057260087925341464,1,0.41473737289487755,0.023747898437885818,1061.3110756202675,1.0613110756202675,0.05591465759277344,44690.73667281322,1061.5735554761793,44701.78943424381,1154.5753514864575,1.6541365479794435e-19,104831134.95758708,1826.9316500033117,107439.17124796033
5,11905.02925,245,996.6760864257812,55.91465759277344,0.05610113290998198,1,0.4233051492202646,0.023747898437885818,1061.3110756202675,1.0613110756202675,0.05591465759277344,44690.73667281322,1061.2116967017514,44686.55192700188,1721.2790384726038,1.646527717888434e-19,104349416.7084532,1818.674986171667,106946.76218931066
5,11402.0785,246,992.1651611328125,55.91465759277344,0.056356199333720235,1,0.42138928314274154,0.023747898437885818,1061.3110756202675,1.0613110756202675,0.05591465759277344,44690.73667281322,1061.1415122387534,44683.59653020407,1558.975383037863,1.638981473127153e-19,103871131.60446788,1810.3393552865741,106456.5722774113
5,11382.522,247,1009.28515625,55.91465377807617,0.05540025754517623,1,0.42866043390719893,0.02374789681771953,1061.3110756202675,1.0613110756202675,0.055914653778076175,44690.7397217748,1061.5088923325095,44699.0695841521,1419.4099929272986,1.6314960301750922e-19,103396738.61425225,1802.0729289203045,105970.37598308407
5,11265.1485,248,960.3607788085938,55.91465759277344,0.05822255430104106,1,0.4078814253853714,0.023747898437885818,1061.3110756202675,1.0613110756202675,0.05591465759277344,44690.73667281322,1061.3778671776843,44693.54919778639,1332.097782095791,1.624852186844615e-19,102926219.6262224,1793.8821378755129,105488.17108123319
5,11588.8995,249,996.310302734375,55.91465759277344,0.0561217297857059,1,0.4231497947152435,0.023747898437885818,1061.3110756202675,1.0613110756202675,0.05591465759277344,44690.73667281322,1061.4834093202257,44697.993470731955,4628.446823362167,1.6174838156956154e-19,102459668.37666953,1787.477965654209,105019.8503069329
5,11000.60975,250,923.0759887695312,55.91465759277344,0.06057427370341221,1,0.39204594600938775,0.023747898437885818,1061.3110756202675,1.0613110756202675,0.05591465759277344,44690.73667281322,1060.9004854142372,44673.44713424187,4165.998032282673,1.6101747322927528e-19,101996671.40373795,1779.400838723423,104545.28477375714
